scenario_id,planner_id,seed,time_budget_s,solved,approximate,first_solution_time_s,total_time_s,raw_cost,path_states,nodes_start,nodes_goal,motion_checks,all_states_valid,all_edges_valid,failure_reason,error
easy_zeros_to_mid,AEB_RRTSTAR_FAITHFUL,1000,0.5,1,0,0.005477613999573805,0.005477613999573805,1.5707963267948966,2,2,1,2,1,1,,
easy_zeros_to_mid,AEB_RRTSTAR_FAITHFUL,2000,0.5,1,0,0.005479618999743252,0.005479618999743252,1.5707963267948966,2,2,1,2,1,1,,
easy_zeros_to_mid,AEB_RRTSTAR_FAITHFUL,3000,0.5,1,0,0.005537146000278881,0.005537146000278881,1.5707963267948966,2,2,1,2,1,1,,
easy_zeros_to_mid,AEB_RRTSTAR_FAITHFUL,4000,0.5,1,0,0.009192558999529865,0.009192558999529865,1.5707963267948966,2,2,1,2,1,1,,
easy_zeros_to_mid,AEB_RRTSTAR_FAITHFUL,5000,0.5,1,0,0.005632255999444169,0.005632255999444169,1.5707963267948966,2,2,1,2,1,1,,
easy_zeros_to_mid,AEB_RRTSTAR_FAITHFUL,6000,0.5,1,0,0.005774202999418776,0.005774202999418776,1.5707963267948966,2,2,1,2,1,1,,
easy_zeros_to_mid,AEB_RRTSTAR_FAITHFUL,7000,0.5,1,0,0.008813779000774957,0.008813779000774957,0.4324843011822671,2,2,2,3,1,1,,
easy_zeros_to_mid,AEB_RRTSTAR_FAITHFUL,8000,0.5,1,0,0.005849559999660414,0.005849559999660414,1.5707963267948966,2,2,1,2,1,1,,
easy_zeros_to_mid,AEB_RRTSTAR_FAITHFUL,9000,0.5,1,0,0.011580367000533442,0.011580367000533442,1.5707963267948966,2,2,1,2,1,1,,
easy_zeros_to_mid,AEB_RRTSTAR_FAITHFUL,10000,0.5,1,0,0.005509905000508297,0.005509905000508297,1.5707963267948966,2,2,1,2,1,1,,
easy_zeros_to_mid,AEB_RRTSTAR_FAITHFUL,11000,0.5,1,0,0.00863483300054213,0.00863483300054213,0.317758211103133,2,2,2,3,1,1,,
easy_zeros_to_mid,AEB_RRTSTAR_FAITHFUL,12000,0.5,1,0,0.005617906999759725,0.005617906999759725,1.5707963267948966,2,2,1,2,1,1,,
easy_zeros_to_mid,AEB_RRTSTAR_FAITHFUL,13000,0.5,1,0,0.005714804000490403,0.005714804000490403,1.5707963267948966,2,2,1,2,1,1,,
easy_zeros_to_mid,AEB_RRTSTAR_FAITHFUL,14000,0.5,1,0,0.007741410999187792,0.007741410999187792,1.5707963267948966,2,2,1,2,1,1,,
easy_zeros_to_mid,AEB_RRTSTAR_FAITHFUL,15000,0.5,1,0,0.005761395999797969,0.005761395999797969,1.5707963267948966,2,2,1,2,1,1,,
easy_zeros_to_mid,AEB_RRTSTAR_FAITHFUL,16000,0.5,1,0,0.00633595600083936,0.00633595600083936,1.5707963267948966,2,2,1,2,1,1,,
easy_zeros_to_mid,AEB_RRTSTAR_FAITHFUL,17000,0.5,1,0,0.009169547999590577,0.009169547999590577,1.5707963267948966,2,2,1,2,1,1,,
easy_zeros_to_mid,AEB_RRTSTAR_FAITHFUL,18000,0.5,1,0,0.005826958999932685,0.005826958999932685,1.5707963267948966,2,2,1,2,1,1,,
easy_zeros_to_mid,AEB_RRTSTAR_FAITHFUL,19000,0.5,1,0,0.00587165399974765,0.00587165399974765,1.5707963267948966,2,2,1,2,1,1,,
easy_zeros_to_mid,AEB_RRTSTAR_FAITHFUL,20000,0.5,1,0,0.005506318000698229,0.005506318000698229,1.5707963267948966,2,2,1,2,1,1,,
easy_zeros_to_mid,AEB_RRTSTAR_FAITHFUL,1000,1.0,1,0,0.005988963000163494,0.005988963000163494,1.5707963267948966,2,2,1,2,1,1,,
easy_zeros_to_mid,AEB_RRTSTAR_FAITHFUL,2000,1.0,1,0,0.005974030999823299,0.005974030999823299,1.5707963267948966,2,2,1,2,1,1,,
easy_zeros_to_mid,AEB_RRTSTAR_FAITHFUL,3000,1.0,1,0,0.005870304999916698,0.005870304999916698,1.5707963267948966,2,2,1,2,1,1,,
easy_zeros_to_mid,AEB_RRTSTAR_FAITHFUL,4000,1.0,1,0,0.005702043999917805,0.005702043999917805,1.5707963267948966,2,2,1,2,1,1,,
easy_zeros_to_mid,AEB_RRTSTAR_FAITHFUL,5000,1.0,1,0,0.006132495000201743,0.006132495000201743,1.5707963267948966,2,2,1,2,1,1,,
easy_zeros_to_mid,AEB_RRTSTAR_FAITHFUL,6000,1.0,1,0,0.006067635000363225,0.006067635000363225,1.5707963267948966,2,2,1,2,1,1,,
easy_zeros_to_mid,AEB_RRTSTAR_FAITHFUL,7000,1.0,1,0,0.008455997000055504,0.008455997000055504,0.4324843011822671,2,2,2,3,1,1,,
easy_zeros_to_mid,AEB_RRTSTAR_FAITHFUL,8000,1.0,1,0,0.0055176149999169866,0.0055176149999169866,1.5707963267948966,2,2,1,2,1,1,,
easy_zeros_to_mid,AEB_RRTSTAR_FAITHFUL,9000,1.0,1,0,0.0060691379994750605,0.0060691379994750605,1.5707963267948966,2,2,1,2,1,1,,
easy_zeros_to_mid,AEB_RRTSTAR_FAITHFUL,10000,1.0,1,0,0.008220680999329488,0.008220680999329488,1.5707963267948966,2,2,1,2,1,1,,
easy_zeros_to_mid,AEB_RRTSTAR_FAITHFUL,11000,1.0,1,0,0.008900742999685463,0.008900742999685463,0.317758211103133,2,2,2,3,1,1,,
easy_zeros_to_mid,AEB_RRTSTAR_FAITHFUL,12000,1.0,1,0,0.006558682999639132,0.006558682999639132,1.5707963267948966,2,2,1,2,1,1,,
easy_zeros_to_mid,AEB_RRTSTAR_FAITHFUL,13000,1.0,1,0,0.006114150999565027,0.006114150999565027,1.5707963267948966,2,2,1,2,1,1,,
easy_zeros_to_mid,AEB_RRTSTAR_FAITHFUL,14000,1.0,1,0,0.005651315999784856,0.005651315999784856,1.5707963267948966,2,2,1,2,1,1,,
easy_zeros_to_mid,AEB_RRTSTAR_FAITHFUL,15000,1.0,1,0,0.008720562999769754,0.008720562999769754,1.5707963267948966,2,2,1,2,1,1,,
easy_zeros_to_mid,AEB_RRTSTAR_FAITHFUL,16000,1.0,1,0,0.005560104999858595,0.005560104999858595,1.5707963267948966,2,2,1,2,1,1,,
easy_zeros_to_mid,AEB_RRTSTAR_FAITHFUL,17000,1.0,1,0,0.00609171299947775,0.00609171299947775,1.5707963267948966,2,2,1,2,1,1,,
easy_zeros_to_mid,AEB_RRTSTAR_FAITHFUL,18000,1.0,1,0,0.005633883999507816,0.005633883999507816,1.5707963267948966,2,2,1,2,1,1,,
easy_zeros_to_mid,AEB_RRTSTAR_FAITHFUL,19000,1.0,1,0,0.005439937000119244,0.005439937000119244,1.5707963267948966,2,2,1,2,1,1,,
easy_zeros_to_mid,AEB_RRTSTAR_FAITHFUL,20000,1.0,1,0,0.008687655000358063,0.008687655000358063,1.5707963267948966,2,2,1,2,1,1,,
easy_zeros_to_mid,AEB_RRTSTAR_FAITHFUL,1000,2.0,1,0,0.006008634999489004,0.006008634999489004,1.5707963267948966,2,2,1,2,1,1,,
easy_zeros_to_mid,AEB_RRTSTAR_FAITHFUL,2000,2.0,1,0,0.005879821999769774,0.005879821999769774,1.5707963267948966,2,2,1,2,1,1,,
easy_zeros_to_mid,AEB_RRTSTAR_FAITHFUL,3000,2.0,1,0,0.006763807999959681,0.006763807999959681,1.5707963267948966,2,2,1,2,1,1,,
easy_zeros_to_mid,AEB_RRTSTAR_FAITHFUL,4000,2.0,1,0,0.005921338000007381,0.005921338000007381,1.5707963267948966,2,2,1,2,1,1,,
easy_zeros_to_mid,AEB_RRTSTAR_FAITHFUL,5000,2.0,1,0,0.010374882000178332,0.010374882000178332,1.5707963267948966,2,2,1,2,1,1,,
easy_zeros_to_mid,AEB_RRTSTAR_FAITHFUL,6000,2.0,1,0,0.005759009000030346,0.005759009000030346,1.5707963267948966,2,2,1,2,1,1,,
easy_zeros_to_mid,AEB_RRTSTAR_FAITHFUL,7000,2.0,1,0,0.008309113999530382,0.008309113999530382,0.4324843011822671,2,2,2,3,1,1,,
easy_zeros_to_mid,AEB_RRTSTAR_FAITHFUL,8000,2.0,1,0,0.005830536999383185,0.005830536999383185,1.5707963267948966,2,2,1,2,1,1,,
easy_zeros_to_mid,AEB_RRTSTAR_FAITHFUL,9000,2.0,1,0,0.0056353620002482785,0.0056353620002482785,1.5707963267948966,2,2,1,2,1,1,,
easy_zeros_to_mid,AEB_RRTSTAR_FAITHFUL,10000,2.0,1,0,0.00856780300000537,0.00856780300000537,1.5707963267948966,2,2,1,2,1,1,,
easy_zeros_to_mid,AEB_RRTSTAR_FAITHFUL,11000,2.0,1,0,0.014089905000219005,0.014089905000219005,0.317758211103133,2,2,2,3,1,1,,
easy_zeros_to_mid,AEB_RRTSTAR_FAITHFUL,12000,2.0,1,0,0.005934300999797415,0.005934300999797415,1.5707963267948966,2,2,1,2,1,1,,
easy_zeros_to_mid,AEB_RRTSTAR_FAITHFUL,13000,2.0,1,0,0.010344028999497823,0.010344028999497823,1.5707963267948966,2,2,1,2,1,1,,
easy_zeros_to_mid,AEB_RRTSTAR_FAITHFUL,14000,2.0,1,0,0.005557014999794774,0.005557014999794774,1.5707963267948966,2,2,1,2,1,1,,
easy_zeros_to_mid,AEB_RRTSTAR_FAITHFUL,15000,2.0,1,0,0.006059088000256452,0.006059088000256452,1.5707963267948966,2,2,1,2,1,1,,
easy_zeros_to_mid,AEB_RRTSTAR_FAITHFUL,16000,2.0,1,0,0.008913298000152281,0.008913298000152281,1.5707963267948966,2,2,1,2,1,1,,
easy_zeros_to_mid,AEB_RRTSTAR_FAITHFUL,17000,2.0,1,0,0.006056189999981143,0.006056189999981143,1.5707963267948966,2,2,1,2,1,1,,
easy_zeros_to_mid,AEB_RRTSTAR_FAITHFUL,18000,2.0,1,0,0.006626147999668319,0.006626147999668319,1.5707963267948966,2,2,1,2,1,1,,
easy_zeros_to_mid,AEB_RRTSTAR_FAITHFUL,19000,2.0,1,0,0.005426475000604114,0.005426475000604114,1.5707963267948966,2,2,1,2,1,1,,
easy_zeros_to_mid,AEB_RRTSTAR_FAITHFUL,20000,2.0,1,0,0.00536563399964507,0.00536563399964507,1.5707963267948966,2,2,1,2,1,1,,
easy_zeros_to_mid,OMPL_RRTSTAR,1000,0.5,1,0,0.5013642129997606,0.5013642129997606,1.5707963267948966,2,0,0,0,1,1,,
easy_zeros_to_mid,OMPL_RRTSTAR,2000,0.5,1,0,0.5005327139997462,0.5005327139997462,1.5707963267948966,2,0,0,0,1,1,,
easy_zeros_to_mid,OMPL_RRTSTAR,3000,0.5,1,0,0.5002464170001986,0.5002464170001986,1.5707963267948966,2,0,0,0,1,1,,
easy_zeros_to_mid,OMPL_RRTSTAR,4000,0.5,1,0,0.5000917740007935,0.5000917740007935,1.5707963267948966,2,0,0,0,1,1,,
easy_zeros_to_mid,OMPL_RRTSTAR,5000,0.5,1,0,0.502371069000219,0.502371069000219,1.5707963267948966,2,0,0,0,1,1,,
easy_zeros_to_mid,OMPL_RRTSTAR,6000,0.5,1,0,0.5001443470000595,0.5001443470000595,1.5707963267948966,2,0,0,0,1,1,,
easy_zeros_to_mid,OMPL_RRTSTAR,7000,0.5,1,0,0.5011818349994428,0.5011818349994428,1.5707963267948966,2,0,0,0,1,1,,
easy_zeros_to_mid,OMPL_RRTSTAR,8000,0.5,1,0,0.5003670719997899,0.5003670719997899,1.5707963267948966,2,0,0,0,1,1,,
easy_zeros_to_mid,OMPL_RRTSTAR,9000,0.5,1,0,0.5008137510003507,0.5008137510003507,1.5707963267948966,2,0,0,0,1,1,,
easy_zeros_to_mid,OMPL_RRTSTAR,10000,0.5,1,0,0.5019521949998307,0.5019521949998307,1.5707963267948966,2,0,0,0,1,1,,
easy_zeros_to_mid,OMPL_RRTSTAR,11000,0.5,1,0,0.5008142799997586,0.5008142799997586,1.5707963267948966,2,0,0,0,1,1,,
easy_zeros_to_mid,OMPL_RRTSTAR,12000,0.5,1,0,0.5006179989995871,0.5006179989995871,1.5707963267948966,2,0,0,0,1,1,,
easy_zeros_to_mid,OMPL_RRTSTAR,13000,0.5,1,0,0.5012459560002753,0.5012459560002753,1.5707963267948966,2,0,0,0,1,1,,
easy_zeros_to_mid,OMPL_RRTSTAR,14000,0.5,1,0,0.500095606999821,0.500095606999821,1.5707963267948966,2,0,0,0,1,1,,
easy_zeros_to_mid,OMPL_RRTSTAR,15000,0.5,1,0,0.5018993550002051,0.5018993550002051,1.5707963267948966,2,0,0,0,1,1,,
easy_zeros_to_mid,OMPL_RRTSTAR,16000,0.5,1,0,0.5024919160005084,0.5024919160005084,1.5707963267948966,2,0,0,0,1,1,,
easy_zeros_to_mid,OMPL_RRTSTAR,17000,0.5,1,0,0.5003090919999522,0.5003090919999522,1.5707963267948966,2,0,0,0,1,1,,
easy_zeros_to_mid,OMPL_RRTSTAR,18000,0.5,1,0,0.5013569600005212,0.5013569600005212,1.5707963267948966,2,0,0,0,1,1,,
easy_zeros_to_mid,OMPL_RRTSTAR,19000,0.5,1,0,0.5009307310001532,0.5009307310001532,1.5707963267948966,2,0,0,0,1,1,,
easy_zeros_to_mid,OMPL_RRTSTAR,20000,0.5,1,0,0.501362816999972,0.501362816999972,1.5707963267948966,2,0,0,0,1,1,,
easy_zeros_to_mid,OMPL_RRTSTAR,1000,1.0,1,0,1.001272847999644,1.001272847999644,1.5707963267948966,2,0,0,0,1,1,,
easy_zeros_to_mid,OMPL_RRTSTAR,2000,1.0,1,0,1.0007594019998578,1.0007594019998578,1.5707963267948966,2,0,0,0,1,1,,
easy_zeros_to_mid,OMPL_RRTSTAR,3000,1.0,1,0,1.000234262000049,1.000234262000049,1.5707963267948966,2,0,0,0,1,1,,
easy_zeros_to_mid,OMPL_RRTSTAR,4000,1.0,1,0,1.0024443639995297,1.0024443639995297,1.5707963267948966,2,0,0,0,1,1,,
easy_zeros_to_mid,OMPL_RRTSTAR,5000,1.0,1,0,1.0024963500000013,1.0024963500000013,1.5707963267948966,2,0,0,0,1,1,,
easy_zeros_to_mid,OMPL_RRTSTAR,6000,1.0,1,0,1.0003172460001224,1.0003172460001224,1.5707963267948966,2,0,0,0,1,1,,
easy_zeros_to_mid,OMPL_RRTSTAR,7000,1.0,1,0,1.000253561000136,1.000253561000136,1.5707963267948966,2,0,0,0,1,1,,
easy_zeros_to_mid,OMPL_RRTSTAR,8000,1.0,1,0,1.0002716879998843,1.0002716879998843,1.5707963267948966,2,0,0,0,1,1,,
easy_zeros_to_mid,OMPL_RRTSTAR,9000,1.0,1,0,1.0024578980001024,1.0024578980001024,1.5707963267948966,2,0,0,0,1,1,,
easy_zeros_to_mid,OMPL_RRTSTAR,10000,1.0,1,0,1.0005398840003181,1.0005398840003181,1.5707963267948966,2,0,0,0,1,1,,
easy_zeros_to_mid,OMPL_RRTSTAR,11000,1.0,1,0,1.0021749380002802,1.0021749380002802,1.5707963267948966,2,0,0,0,1,1,,
easy_zeros_to_mid,OMPL_RRTSTAR,12000,1.0,1,0,1.0025534830001561,1.0025534830001561,1.5707963267948966,2,0,0,0,1,1,,
easy_zeros_to_mid,OMPL_RRTSTAR,13000,1.0,1,0,1.0020553730000756,1.0020553730000756,1.5707963267948966,2,0,0,0,1,1,,
easy_zeros_to_mid,OMPL_RRTSTAR,14000,1.0,1,0,1.0005423829998108,1.0005423829998108,1.5707963267948966,2,0,0,0,1,1,,
easy_zeros_to_mid,OMPL_RRTSTAR,15000,1.0,1,0,1.0005606889999399,1.0005606889999399,1.5707963267948966,2,0,0,0,1,1,,
easy_zeros_to_mid,OMPL_RRTSTAR,16000,1.0,1,0,1.0020344760005173,1.0020344760005173,1.5707963267948966,2,0,0,0,1,1,,
easy_zeros_to_mid,OMPL_RRTSTAR,17000,1.0,1,0,1.0020296439997765,1.0020296439997765,1.5707963267948966,2,0,0,0,1,1,,
easy_zeros_to_mid,OMPL_RRTSTAR,18000,1.0,1,0,1.0010017970007539,1.0010017970007539,1.5707963267948966,2,0,0,0,1,1,,
easy_zeros_to_mid,OMPL_RRTSTAR,19000,1.0,1,0,1.0017969049995372,1.0017969049995372,1.5707963267948966,2,0,0,0,1,1,,
easy_zeros_to_mid,OMPL_RRTSTAR,20000,1.0,1,0,1.0021948889998384,1.0021948889998384,1.5707963267948966,2,0,0,0,1,1,,
easy_zeros_to_mid,OMPL_RRTSTAR,1000,2.0,1,0,2.0015931059997456,2.0015931059997456,1.5707963267948966,2,0,0,0,1,1,,
easy_zeros_to_mid,OMPL_RRTSTAR,2000,2.0,1,0,2.001875048000329,2.001875048000329,1.5707963267948966,2,0,0,0,1,1,,
easy_zeros_to_mid,OMPL_RRTSTAR,3000,2.0,1,0,2.002467383000294,2.002467383000294,1.5707963267948966,2,0,0,0,1,1,,
easy_zeros_to_mid,OMPL_RRTSTAR,4000,2.0,1,0,2.0010974550004903,2.0010974550004903,1.5707963267948966,2,0,0,0,1,1,,
easy_zeros_to_mid,OMPL_RRTSTAR,5000,2.0,1,0,2.001848138999776,2.001848138999776,1.5707963267948966,2,0,0,0,1,1,,
easy_zeros_to_mid,OMPL_RRTSTAR,6000,2.0,1,0,2.000352785999894,2.000352785999894,1.5707963267948966,2,0,0,0,1,1,,
easy_zeros_to_mid,OMPL_RRTSTAR,7000,2.0,1,0,2.00137366799936,2.00137366799936,1.5707963267948966,2,0,0,0,1,1,,
easy_zeros_to_mid,OMPL_RRTSTAR,8000,2.0,1,0,2.001216208999722,2.001216208999722,1.5707963267948966,2,0,0,0,1,1,,
easy_zeros_to_mid,OMPL_RRTSTAR,9000,2.0,1,0,2.00105627099947,2.00105627099947,1.5707963267948966,2,0,0,0,1,1,,
easy_zeros_to_mid,OMPL_RRTSTAR,10000,2.0,1,0,2.002719932999753,2.002719932999753,1.5707963267948966,2,0,0,0,1,1,,
easy_zeros_to_mid,OMPL_RRTSTAR,11000,2.0,1,0,2.0002132230001735,2.0002132230001735,1.5707963267948966,2,0,0,0,1,1,,
easy_zeros_to_mid,OMPL_RRTSTAR,12000,2.0,1,0,2.000338030000421,2.000338030000421,1.5707963267948966,2,0,0,0,1,1,,
easy_zeros_to_mid,OMPL_RRTSTAR,13000,2.0,1,0,2.0011751769998227,2.0011751769998227,1.5707963267948966,2,0,0,0,1,1,,
easy_zeros_to_mid,OMPL_RRTSTAR,14000,2.0,1,0,2.0021337119997042,2.0021337119997042,1.5707963267948966,2,0,0,0,1,1,,
easy_zeros_to_mid,OMPL_RRTSTAR,15000,2.0,1,0,2.00202827800058,2.00202827800058,1.5707963267948966,2,0,0,0,1,1,,
easy_zeros_to_mid,OMPL_RRTSTAR,16000,2.0,1,0,2.0013888930006942,2.0013888930006942,1.5707963267948966,2,0,0,0,1,1,,
easy_zeros_to_mid,OMPL_RRTSTAR,17000,2.0,1,0,2.002597376999802,2.002597376999802,1.5707963267948966,2,0,0,0,1,1,,
easy_zeros_to_mid,OMPL_RRTSTAR,18000,2.0,1,0,2.0025764930005607,2.0025764930005607,1.5707963267948966,2,0,0,0,1,1,,
easy_zeros_to_mid,OMPL_RRTSTAR,19000,2.0,1,0,2.0028120179995312,2.0028120179995312,1.5707963267948966,2,0,0,0,1,1,,
easy_zeros_to_mid,OMPL_RRTSTAR,20000,2.0,1,0,2.0008836309998514,2.0008836309998514,1.5707963267948966,2,0,0,0,1,1,,
easy_zeros_to_mid,OMPL_RRTCONNECT,1000,0.5,1,0,0.009294051000324544,0.009294051000324544,1.7785583068525925,4,0,0,0,1,1,,
easy_zeros_to_mid,OMPL_RRTCONNECT,2000,0.5,1,0,0.008526611999513989,0.008526611999513989,1.852546740267667,4,0,0,0,1,1,,
easy_zeros_to_mid,OMPL_RRTCONNECT,3000,0.5,1,0,0.01277686800040101,0.01277686800040101,1.7357493058912776,4,0,0,0,1,1,,
easy_zeros_to_mid,OMPL_RRTCONNECT,4000,0.5,1,0,0.009002461999443767,0.009002461999443767,1.7721375148309408,4,0,0,0,1,1,,
easy_zeros_to_mid,OMPL_RRTCONNECT,5000,0.5,1,0,0.009792368999114842,0.009792368999114842,1.7448305999838682,4,0,0,0,1,1,,
easy_zeros_to_mid,OMPL_RRTCONNECT,6000,0.5,1,0,0.009398051000061969,0.009398051000061969,1.7670373762973908,4,0,0,0,1,1,,
easy_zeros_to_mid,OMPL_RRTCONNECT,7000,0.5,1,0,0.009152298999651975,0.009152298999651975,1.7573679794090147,4,0,0,0,1,1,,
easy_zeros_to_mid,OMPL_RRTCONNECT,8000,0.5,1,0,0.017157129000224813,0.017157129000224813,1.7904197292242254,4,0,0,0,1,1,,
easy_zeros_to_mid,OMPL_RRTCONNECT,9000,0.5,1,0,0.01687736199983192,0.01687736199983192,1.859803693143738,4,0,0,0,1,1,,
easy_zeros_to_mid,OMPL_RRTCONNECT,10000,0.5,1,0,0.013908752000133973,0.013908752000133973,1.8533348796039735,4,0,0,0,1,1,,
easy_zeros_to_mid,OMPL_RRTCONNECT,11000,0.5,1,0,0.009418264000487397,0.009418264000487397,1.813958068732529,4,0,0,0,1,1,,
easy_zeros_to_mid,OMPL_RRTCONNECT,12000,0.5,1,0,0.009061854999345087,0.009061854999345087,1.8012260618623388,4,0,0,0,1,1,,
easy_zeros_to_mid,OMPL_RRTCONNECT,13000,0.5,1,0,0.008962210000390769,0.008962210000390769,1.7465986362993338,4,0,0,0,1,1,,
easy_zeros_to_mid,OMPL_RRTCONNECT,14000,0.5,1,0,0.014964605999921332,0.014964605999921332,1.7587304567439452,4,0,0,0,1,1,,
easy_zeros_to_mid,OMPL_RRTCONNECT,15000,0.5,1,0,0.011133791000247584,0.011133791000247584,1.7470401479878472,4,0,0,0,1,1,,
easy_zeros_to_mid,OMPL_RRTCONNECT,16000,0.5,1,0,0.00840719400002854,0.00840719400002854,1.831465277679118,4,0,0,0,1,1,,
easy_zeros_to_mid,OMPL_RRTCONNECT,17000,0.5,1,0,0.008910833999834722,0.008910833999834722,1.8867795533207292,4,0,0,0,1,1,,
easy_zeros_to_mid,OMPL_RRTCONNECT,18000,0.5,1,0,0.01303294100034691,0.01303294100034691,1.7751807481356492,4,0,0,0,1,1,,
easy_zeros_to_mid,OMPL_RRTCONNECT,19000,0.5,1,0,0.008777605000432231,0.008777605000432231,1.7930345319933318,4,0,0,0,1,1,,
easy_zeros_to_mid,OMPL_RRTCONNECT,20000,0.5,1,0,0.008519359000274562,0.008519359000274562,1.8247642353327191,4,0,0,0,1,1,,
easy_zeros_to_mid,OMPL_RRTCONNECT,1000,1.0,1,0,0.01157661300021573,0.01157661300021573,1.8499051433407305,4,0,0,0,1,1,,
easy_zeros_to_mid,OMPL_RRTCONNECT,2000,1.0,1,0,0.008596118999776081,0.008596118999776081,1.7533513122983186,4,0,0,0,1,1,,
easy_zeros_to_mid,OMPL_RRTCONNECT,3000,1.0,1,0,0.009373517999847536,0.009373517999847536,1.8269794535973372,4,0,0,0,1,1,,
easy_zeros_to_mid,OMPL_RRTCONNECT,4000,1.0,1,0,0.008593855000071926,0.008593855000071926,1.839193809100522,4,0,0,0,1,1,,
easy_zeros_to_mid,OMPL_RRTCONNECT,5000,1.0,1,0,0.0092886290003662,0.0092886290003662,1.768980507384698,4,0,0,0,1,1,,
easy_zeros_to_mid,OMPL_RRTCONNECT,6000,1.0,1,0,0.008775276999585913,0.008775276999585913,1.8802732536295033,4,0,0,0,1,1,,
easy_zeros_to_mid,OMPL_RRTCONNECT,7000,1.0,1,0,0.00858112700007041,0.00858112700007041,1.7245530162705858,4,0,0,0,1,1,,
easy_zeros_to_mid,OMPL_RRTCONNECT,8000,1.0,1,0,0.009117464999690128,0.009117464999690128,1.851138110734684,4,0,0,0,1,1,,
easy_zeros_to_mid,OMPL_RRTCONNECT,9000,1.0,1,0,0.008792807000645553,0.008792807000645553,1.791677556346766,4,0,0,0,1,1,,
easy_zeros_to_mid,OMPL_RRTCONNECT,10000,1.0,1,0,0.00880727699950512,0.00880727699950512,1.766285099580723,4,0,0,0,1,1,,
easy_zeros_to_mid,OMPL_RRTCONNECT,11000,1.0,1,0,0.009785839999494783,0.009785839999494783,1.7052708258745721,4,0,0,0,1,1,,
easy_zeros_to_mid,OMPL_RRTCONNECT,12000,1.0,1,0,0.010412425000140502,0.010412425000140502,1.8537432920657606,4,0,0,0,1,1,,
easy_zeros_to_mid,OMPL_RRTCONNECT,13000,1.0,1,0,0.014890727999954834,0.014890727999954834,1.855423408292345,4,0,0,0,1,1,,
easy_zeros_to_mid,OMPL_RRTCONNECT,14000,1.0,1,0,0.009921388999828196,0.009921388999828196,1.891610515788622,4,0,0,0,1,1,,
easy_zeros_to_mid,OMPL_RRTCONNECT,15000,1.0,1,0,0.010228455999822472,0.010228455999822472,1.7574969376902152,4,0,0,0,1,1,,
easy_zeros_to_mid,OMPL_RRTCONNECT,16000,1.0,1,0,0.00825409800017951,0.00825409800017951,1.7630116486124816,4,0,0,0,1,1,,
easy_zeros_to_mid,OMPL_RRTCONNECT,17000,1.0,1,0,0.008095697000499058,0.008095697000499058,1.8975095533183228,4,0,0,0,1,1,,
easy_zeros_to_mid,OMPL_RRTCONNECT,18000,1.0,1,0,0.008653653999317612,0.008653653999317612,1.756579095100102,4,0,0,0,1,1,,
easy_zeros_to_mid,OMPL_RRTCONNECT,19000,1.0,1,0,0.008884816999852774,0.008884816999852774,1.7639584728321238,4,0,0,0,1,1,,
easy_zeros_to_mid,OMPL_RRTCONNECT,20000,1.0,1,0,0.008805421000033675,0.008805421000033675,1.8767238251948932,4,0,0,0,1,1,,
easy_zeros_to_mid,OMPL_RRTCONNECT,1000,2.0,1,0,0.009824974999901315,0.009824974999901315,1.8772565174390996,4,0,0,0,1,1,,
easy_zeros_to_mid,OMPL_RRTCONNECT,2000,2.0,1,0,0.008496182999806479,0.008496182999806479,1.7300506050379723,4,0,0,0,1,1,,
easy_zeros_to_mid,OMPL_RRTCONNECT,3000,2.0,1,0,0.00835099799951422,0.00835099799951422,1.728641601055358,4,0,0,0,1,1,,
easy_zeros_to_mid,OMPL_RRTCONNECT,4000,2.0,1,0,0.009578678000252694,0.009578678000252694,1.7448235595582269,4,0,0,0,1,1,,
easy_zeros_to_mid,OMPL_RRTCONNECT,5000,2.0,1,0,0.008974402000603732,0.008974402000603732,1.7602518756595114,4,0,0,0,1,1,,
easy_zeros_to_mid,OMPL_RRTCONNECT,6000,2.0,1,0,0.009093892999771924,0.009093892999771924,1.8658663943085916,4,0,0,0,1,1,,
easy_zeros_to_mid,OMPL_RRTCONNECT,7000,2.0,1,0,0.008588155999859737,0.008588155999859737,1.8589699799868797,4,0,0,0,1,1,,
easy_zeros_to_mid,OMPL_RRTCONNECT,8000,2.0,1,0,0.009171426999273535,0.009171426999273535,1.7121373851912414,4,0,0,0,1,1,,
easy_zeros_to_mid,OMPL_RRTCONNECT,9000,2.0,1,0,0.008341357999597676,0.008341357999597676,1.8026834018529325,4,0,0,0,1,1,,
easy_zeros_to_mid,OMPL_RRTCONNECT,10000,2.0,1,0,0.009390359000462922,0.009390359000462922,1.7968368299254458,4,0,0,0,1,1,,
easy_zeros_to_mid,OMPL_RRTCONNECT,11000,2.0,1,0,0.009104597000259673,0.009104597000259673,1.7165088899127445,4,0,0,0,1,1,,
easy_zeros_to_mid,OMPL_RRTCONNECT,12000,2.0,1,0,0.008867014999850653,0.008867014999850653,1.8735096876284558,4,0,0,0,1,1,,
easy_zeros_to_mid,OMPL_RRTCONNECT,13000,2.0,1,0,0.008597498999733943,0.008597498999733943,1.8357147174246795,4,0,0,0,1,1,,
easy_zeros_to_mid,OMPL_RRTCONNECT,14000,2.0,1,0,0.009480948999225802,0.009480948999225802,1.787066535795372,4,0,0,0,1,1,,
easy_zeros_to_mid,OMPL_RRTCONNECT,15000,2.0,1,0,0.009014031000333489,0.009014031000333489,1.7444238718749834,4,0,0,0,1,1,,
easy_zeros_to_mid,OMPL_RRTCONNECT,16000,2.0,1,0,0.01011667800048599,0.01011667800048599,1.823712396166948,4,0,0,0,1,1,,
easy_zeros_to_mid,OMPL_RRTCONNECT,17000,2.0,1,0,0.008294342999761284,0.008294342999761284,1.7598598938509022,4,0,0,0,1,1,,
easy_zeros_to_mid,OMPL_RRTCONNECT,18000,2.0,1,0,0.013956505000351171,0.013956505000351171,1.6985812390174657,4,0,0,0,1,1,,
easy_zeros_to_mid,OMPL_RRTCONNECT,19000,2.0,1,0,0.00892575800025952,0.00892575800025952,1.841956495076857,4,0,0,0,1,1,,
easy_zeros_to_mid,OMPL_RRTCONNECT,20000,2.0,1,0,0.008696032000443665,0.008696032000443665,1.7904368858590052,4,0,0,0,1,1,,
easy_zeros_to_quarter,AEB_RRTSTAR_FAITHFUL,1000,0.5,1,0,0.005491126999913831,0.005491126999913831,1.791144563981326,2,2,1,2,1,1,,
easy_zeros_to_quarter,AEB_RRTSTAR_FAITHFUL,2000,0.5,1,0,0.005833351000546827,0.005833351000546827,1.791144563981326,2,2,1,2,1,1,,
easy_zeros_to_quarter,AEB_RRTSTAR_FAITHFUL,3000,0.5,1,0,0.006308527000328468,0.006308527000328468,1.791144563981326,2,2,1,2,1,1,,
easy_zeros_to_quarter,AEB_RRTSTAR_FAITHFUL,4000,0.5,1,0,0.005644775000291702,0.005644775000291702,1.791144563981326,2,2,1,2,1,1,,
easy_zeros_to_quarter,AEB_RRTSTAR_FAITHFUL,5000,0.5,1,0,0.005525911999939126,0.005525911999939126,1.791144563981326,2,2,1,2,1,1,,
easy_zeros_to_quarter,AEB_RRTSTAR_FAITHFUL,6000,0.5,1,0,0.005448617999718408,0.005448617999718408,1.791144563981326,2,2,1,2,1,1,,
easy_zeros_to_quarter,AEB_RRTSTAR_FAITHFUL,7000,0.5,1,0,0.00861769400034973,0.00861769400034973,0.4324843011822671,2,2,2,3,1,1,,
easy_zeros_to_quarter,AEB_RRTSTAR_FAITHFUL,8000,0.5,1,0,0.005498607999470551,0.005498607999470551,1.791144563981326,2,2,1,2,1,1,,
easy_zeros_to_quarter,AEB_RRTSTAR_FAITHFUL,9000,0.5,1,0,0.005484328000420646,0.005484328000420646,1.791144563981326,2,2,1,2,1,1,,
easy_zeros_to_quarter,AEB_RRTSTAR_FAITHFUL,10000,0.5,1,0,0.005561078000027919,0.005561078000027919,1.791144563981326,2,2,1,2,1,1,,
easy_zeros_to_quarter,AEB_RRTSTAR_FAITHFUL,11000,0.5,1,0,0.007925355000224954,0.007925355000224954,0.317758211103133,2,2,2,3,1,1,,
easy_zeros_to_quarter,AEB_RRTSTAR_FAITHFUL,12000,0.5,1,0,0.0057810010002867784,0.0057810010002867784,1.791144563981326,2,2,1,2,1,1,,
easy_zeros_to_quarter,AEB_RRTSTAR_FAITHFUL,13000,0.5,1,0,0.005426464999800373,0.005426464999800373,1.791144563981326,2,2,1,2,1,1,,
easy_zeros_to_quarter,AEB_RRTSTAR_FAITHFUL,14000,0.5,1,0,0.005752235000727524,0.005752235000727524,1.791144563981326,2,2,1,2,1,1,,
easy_zeros_to_quarter,AEB_RRTSTAR_FAITHFUL,15000,0.5,1,0,0.0054042279998611775,0.0054042279998611775,1.791144563981326,2,2,1,2,1,1,,
easy_zeros_to_quarter,AEB_RRTSTAR_FAITHFUL,16000,0.5,1,0,0.005391077999775007,0.005391077999775007,1.791144563981326,2,2,1,2,1,1,,
easy_zeros_to_quarter,AEB_RRTSTAR_FAITHFUL,17000,0.5,1,0,0.009089213999686763,0.009089213999686763,1.791144563981326,2,2,1,2,1,1,,
easy_zeros_to_quarter,AEB_RRTSTAR_FAITHFUL,18000,0.5,1,0,0.005410799999481242,0.005410799999481242,1.791144563981326,2,2,1,2,1,1,,
easy_zeros_to_quarter,AEB_RRTSTAR_FAITHFUL,19000,0.5,1,0,0.005674944999555009,0.005674944999555009,1.791144563981326,2,2,1,2,1,1,,
easy_zeros_to_quarter,AEB_RRTSTAR_FAITHFUL,20000,0.5,1,0,0.005639549999614246,0.005639549999614246,1.791144563981326,2,2,1,2,1,1,,
easy_zeros_to_quarter,AEB_RRTSTAR_FAITHFUL,1000,1.0,1,0,0.005537609000384691,0.005537609000384691,1.791144563981326,2,2,1,2,1,1,,
easy_zeros_to_quarter,AEB_RRTSTAR_FAITHFUL,2000,1.0,1,0,0.005826800999784609,0.005826800999784609,1.791144563981326,2,2,1,2,1,1,,
easy_zeros_to_quarter,AEB_RRTSTAR_FAITHFUL,3000,1.0,1,0,0.009497825999460474,0.009497825999460474,1.791144563981326,2,2,1,2,1,1,,
easy_zeros_to_quarter,AEB_RRTSTAR_FAITHFUL,4000,1.0,1,0,0.00555566999992152,0.00555566999992152,1.791144563981326,2,2,1,2,1,1,,
easy_zeros_to_quarter,AEB_RRTSTAR_FAITHFUL,5000,1.0,1,0,0.005690255999979854,0.005690255999979854,1.791144563981326,2,2,1,2,1,1,,
easy_zeros_to_quarter,AEB_RRTSTAR_FAITHFUL,6000,1.0,1,0,0.005865199000254506,0.005865199000254506,1.791144563981326,2,2,1,2,1,1,,
easy_zeros_to_quarter,AEB_RRTSTAR_FAITHFUL,7000,1.0,1,0,0.009091142999750446,0.009091142999750446,0.4324843011822671,2,2,2,3,1,1,,
easy_zeros_to_quarter,AEB_RRTSTAR_FAITHFUL,8000,1.0,1,0,0.005634602000100131,0.005634602000100131,1.791144563981326,2,2,1,2,1,1,,
easy_zeros_to_quarter,AEB_RRTSTAR_FAITHFUL,9000,1.0,1,0,0.005574877999606542,0.005574877999606542,1.791144563981326,2,2,1,2,1,1,,
easy_zeros_to_quarter,AEB_RRTSTAR_FAITHFUL,10000,1.0,1,0,0.005703320999600692,0.005703320999600692,1.791144563981326,2,2,1,2,1,1,,
easy_zeros_to_quarter,AEB_RRTSTAR_FAITHFUL,11000,1.0,1,0,0.00854435699966416,0.00854435699966416,0.317758211103133,2,2,2,3,1,1,,
easy_zeros_to_quarter,AEB_RRTSTAR_FAITHFUL,12000,1.0,1,0,0.005742262000239862,0.005742262000239862,1.791144563981326,2,2,1,2,1,1,,
easy_zeros_to_quarter,AEB_RRTSTAR_FAITHFUL,13000,1.0,1,0,0.005314317999363993,0.005314317999363993,1.791144563981326,2,2,1,2,1,1,,
easy_zeros_to_quarter,AEB_RRTSTAR_FAITHFUL,14000,1.0,1,0,0.0055561029994350974,0.0055561029994350974,1.791144563981326,2,2,1,2,1,1,,
easy_zeros_to_quarter,AEB_RRTSTAR_FAITHFUL,15000,1.0,1,0,0.00548679399980756,0.00548679399980756,1.791144563981326,2,2,1,2,1,1,,
easy_zeros_to_quarter,AEB_RRTSTAR_FAITHFUL,16000,1.0,1,0,0.00537164599973039,0.00537164599973039,1.791144563981326,2,2,1,2,1,1,,
easy_zeros_to_quarter,AEB_RRTSTAR_FAITHFUL,17000,1.0,1,0,0.00861001000066608,0.00861001000066608,1.791144563981326,2,2,1,2,1,1,,
easy_zeros_to_quarter,AEB_RRTSTAR_FAITHFUL,18000,1.0,1,0,0.005650969999805966,0.005650969999805966,1.791144563981326,2,2,1,2,1,1,,
easy_zeros_to_quarter,AEB_RRTSTAR_FAITHFUL,19000,1.0,1,0,0.006329662000098324,0.006329662000098324,1.791144563981326,2,2,1,2,1,1,,
easy_zeros_to_quarter,AEB_RRTSTAR_FAITHFUL,20000,1.0,1,0,0.005475208000461862,0.005475208000461862,1.791144563981326,2,2,1,2,1,1,,
easy_zeros_to_quarter,AEB_RRTSTAR_FAITHFUL,1000,2.0,1,0,0.005755066999881819,0.005755066999881819,1.791144563981326,2,2,1,2,1,1,,
easy_zeros_to_quarter,AEB_RRTSTAR_FAITHFUL,2000,2.0,1,0,0.00857782799994311,0.00857782799994311,1.791144563981326,2,2,1,2,1,1,,
easy_zeros_to_quarter,AEB_RRTSTAR_FAITHFUL,3000,2.0,1,0,0.005450353999549407,0.005450353999549407,1.791144563981326,2,2,1,2,1,1,,
easy_zeros_to_quarter,AEB_RRTSTAR_FAITHFUL,4000,2.0,1,0,0.005715696000152093,0.005715696000152093,1.791144563981326,2,2,1,2,1,1,,
easy_zeros_to_quarter,AEB_RRTSTAR_FAITHFUL,5000,2.0,1,0,0.00543202199969528,0.00543202199969528,1.791144563981326,2,2,1,2,1,1,,
easy_zeros_to_quarter,AEB_RRTSTAR_FAITHFUL,6000,2.0,1,0,0.00530031499965844,0.00530031499965844,1.791144563981326,2,2,1,2,1,1,,
easy_zeros_to_quarter,AEB_RRTSTAR_FAITHFUL,7000,2.0,1,0,0.008993060000648256,0.008993060000648256,0.4324843011822671,2,2,2,3,1,1,,
easy_zeros_to_quarter,AEB_RRTSTAR_FAITHFUL,8000,2.0,1,0,0.006011692999891238,0.006011692999891238,1.791144563981326,2,2,1,2,1,1,,
easy_zeros_to_quarter,AEB_RRTSTAR_FAITHFUL,9000,2.0,1,0,0.008737694000046758,0.008737694000046758,1.791144563981326,2,2,1,2,1,1,,
easy_zeros_to_quarter,AEB_RRTSTAR_FAITHFUL,10000,2.0,1,0,0.005865909000021929,0.005865909000021929,1.791144563981326,2,2,1,2,1,1,,
easy_zeros_to_quarter,AEB_RRTSTAR_FAITHFUL,11000,2.0,1,0,0.007951038000101107,0.007951038000101107,0.317758211103133,2,2,2,3,1,1,,
easy_zeros_to_quarter,AEB_RRTSTAR_FAITHFUL,12000,2.0,1,0,0.005644430999382166,0.005644430999382166,1.791144563981326,2,2,1,2,1,1,,
easy_zeros_to_quarter,AEB_RRTSTAR_FAITHFUL,13000,2.0,1,0,0.005886948999432207,0.005886948999432207,1.791144563981326,2,2,1,2,1,1,,
easy_zeros_to_quarter,AEB_RRTSTAR_FAITHFUL,14000,2.0,1,0,0.00561780899988662,0.00561780899988662,1.791144563981326,2,2,1,2,1,1,,
easy_zeros_to_quarter,AEB_RRTSTAR_FAITHFUL,15000,2.0,1,0,0.005764763000115636,0.005764763000115636,1.791144563981326,2,2,1,2,1,1,,
easy_zeros_to_quarter,AEB_RRTSTAR_FAITHFUL,16000,2.0,1,0,0.00567874100033805,0.00567874100033805,1.791144563981326,2,2,1,2,1,1,,
easy_zeros_to_quarter,AEB_RRTSTAR_FAITHFUL,17000,2.0,1,0,0.009728044999974372,0.009728044999974372,1.791144563981326,2,2,1,2,1,1,,
easy_zeros_to_quarter,AEB_RRTSTAR_FAITHFUL,18000,2.0,1,0,0.008653603999846382,0.008653603999846382,1.791144563981326,2,2,1,2,1,1,,
easy_zeros_to_quarter,AEB_RRTSTAR_FAITHFUL,19000,2.0,1,0,0.006027016000189178,0.006027016000189178,1.791144563981326,2,2,1,2,1,1,,
easy_zeros_to_quarter,AEB_RRTSTAR_FAITHFUL,20000,2.0,1,0,0.009318218000771594,0.009318218000771594,1.791144563981326,2,2,1,2,1,1,,
easy_zeros_to_quarter,OMPL_RRTSTAR,1000,0.5,1,0,0.5022872100007589,0.5022872100007589,2.0393717548977994,4,0,0,0,1,1,,
easy_zeros_to_quarter,OMPL_RRTSTAR,2000,0.5,1,0,0.500614671999756,0.500614671999756,1.8017515551722247,4,0,0,0,1,1,,
easy_zeros_to_quarter,OMPL_RRTSTAR,3000,0.5,1,0,0.5019600810001066,0.5019600810001066,1.8017515551722247,4,0,0,0,1,1,,
easy_zeros_to_quarter,OMPL_RRTSTAR,4000,0.5,1,0,0.5010243299993817,0.5010243299993817,2.159714936443251,5,0,0,0,1,1,,
easy_zeros_to_quarter,OMPL_RRTSTAR,5000,0.5,1,0,0.5005249519999779,0.5005249519999779,1.8017515551722247,4,0,0,0,1,1,,
easy_zeros_to_quarter,OMPL_RRTSTAR,6000,0.5,1,0,0.5017943530001503,0.5017943530001503,2.0345950156983608,5,0,0,0,1,1,,
easy_zeros_to_quarter,OMPL_RRTSTAR,7000,0.5,1,0,0.5006535169995914,0.5006535169995914,2.2811486596381765,5,0,0,0,1,1,,
easy_zeros_to_quarter,OMPL_RRTSTAR,8000,0.5,1,0,0.5009562839995851,0.5009562839995851,2.01407446735136,4,0,0,0,1,1,,
easy_zeros_to_quarter,OMPL_RRTSTAR,9000,0.5,1,0,0.5019526169999153,0.5019526169999153,2.054907953292032,4,0,0,0,1,1,,
easy_zeros_to_quarter,OMPL_RRTSTAR,10000,0.5,1,0,0.5003809230001934,0.5003809230001934,2.092757563200938,5,0,0,0,1,1,,
easy_zeros_to_quarter,OMPL_RRTSTAR,11000,0.5,1,0,0.5006510200000776,0.5006510200000776,1.8017515551722247,4,0,0,0,1,1,,
easy_zeros_to_quarter,OMPL_RRTSTAR,12000,0.5,1,0,0.5008139430001393,0.5008139430001393,1.8017515551722247,4,0,0,0,1,1,,
easy_zeros_to_quarter,OMPL_RRTSTAR,13000,0.5,1,0,0.5015820819999135,0.5015820819999135,1.8017515551722247,4,0,0,0,1,1,,
easy_zeros_to_quarter,OMPL_RRTSTAR,14000,0.5,1,0,0.5007779269999446,0.5007779269999446,1.9356958537964106,5,0,0,0,1,1,,
easy_zeros_to_quarter,OMPL_RRTSTAR,15000,0.5,1,0,0.5014420849993257,0.5014420849993257,1.8017515551722247,4,0,0,0,1,1,,
easy_zeros_to_quarter,OMPL_RRTSTAR,16000,0.5,1,0,0.5014509610000459,0.5014509610000459,1.9283088358317833,4,0,0,0,1,1,,
easy_zeros_to_quarter,OMPL_RRTSTAR,17000,0.5,1,0,0.5018492890003472,0.5018492890003472,1.8017515551722247,4,0,0,0,1,1,,
easy_zeros_to_quarter,OMPL_RRTSTAR,18000,0.5,1,0,0.5007342749995587,0.5007342749995587,1.9222132206669946,4,0,0,0,1,1,,
easy_zeros_to_quarter,OMPL_RRTSTAR,19000,0.5,1,0,0.5019881979997081,0.5019881979997081,1.8017515551722247,4,0,0,0,1,1,,
easy_zeros_to_quarter,OMPL_RRTSTAR,20000,0.5,1,0,0.5002013559997067,0.5002013559997067,1.8017515551722247,4,0,0,0,1,1,,
easy_zeros_to_quarter,OMPL_RRTSTAR,1000,1.0,1,0,1.0004778950005857,1.0004778950005857,2.3955099954720738,6,0,0,0,1,1,,
easy_zeros_to_quarter,OMPL_RRTSTAR,2000,1.0,1,0,1.000698650999766,1.000698650999766,2.172232472366368,5,0,0,0,1,1,,
easy_zeros_to_quarter,OMPL_RRTSTAR,3000,1.0,1,0,1.001524812999378,1.001524812999378,2.1614605424305653,5,0,0,0,1,1,,
easy_zeros_to_quarter,OMPL_RRTSTAR,4000,1.0,1,0,1.0011741170001187,1.0011741170001187,2.2069528044138074,5,0,0,0,1,1,,
easy_zeros_to_quarter,OMPL_RRTSTAR,5000,1.0,1,0,1.0018663369992282,1.0018663369992282,1.8017515551722247,4,0,0,0,1,1,,
easy_zeros_to_quarter,OMPL_RRTSTAR,6000,1.0,1,0,1.0001191909996123,1.0001191909996123,2.2885969216365902,6,0,0,0,1,1,,
easy_zeros_to_quarter,OMPL_RRTSTAR,7000,1.0,1,0,1.001106173000153,1.001106173000153,1.9352854734138347,4,0,0,0,1,1,,
easy_zeros_to_quarter,OMPL_RRTSTAR,8000,1.0,1,0,1.00075166500028,1.00075166500028,2.166016698009529,5,0,0,0,1,1,,
easy_zeros_to_quarter,OMPL_RRTSTAR,9000,1.0,1,0,1.0013288730006025,1.0013288730006025,2.1695361213523516,5,0,0,0,1,1,,
easy_zeros_to_quarter,OMPL_RRTSTAR,10000,1.0,1,0,1.0007778019999023,1.0007778019999023,1.943081809526295,4,0,0,0,1,1,,
easy_zeros_to_quarter,OMPL_RRTSTAR,11000,1.0,1,0,1.0024586330000602,1.0024586330000602,2.2099978106036846,5,0,0,0,1,1,,
easy_zeros_to_quarter,OMPL_RRTSTAR,12000,1.0,1,0,1.0022974879993853,1.0022974879993853,1.8017515551722247,4,0,0,0,1,1,,
easy_zeros_to_quarter,OMPL_RRTSTAR,13000,1.0,1,0,1.0005352580001272,1.0005352580001272,1.9469840665127998,4,0,0,0,1,1,,
easy_zeros_to_quarter,OMPL_RRTSTAR,14000,1.0,1,0,1.00251250600013,1.00251250600013,1.9615471644974445,4,0,0,0,1,1,,
easy_zeros_to_quarter,OMPL_RRTSTAR,15000,1.0,1,0,1.0010339719992771,1.0010339719992771,1.945645926925141,4,0,0,0,1,1,,
easy_zeros_to_quarter,OMPL_RRTSTAR,16000,1.0,1,0,1.0015548860001218,1.0015548860001218,1.8017515551722247,4,0,0,0,1,1,,
easy_zeros_to_quarter,OMPL_RRTSTAR,17000,1.0,1,0,1.0000658300004943,1.0000658300004943,2.1278759838372925,5,0,0,0,1,1,,
easy_zeros_to_quarter,OMPL_RRTSTAR,18000,1.0,1,0,1.0022759229996154,1.0022759229996154,2.0977427817874306,5,0,0,0,1,1,,
easy_zeros_to_quarter,OMPL_RRTSTAR,19000,1.0,1,0,1.0026515120007389,1.0026515120007389,1.8017515551722247,4,0,0,0,1,1,,
easy_zeros_to_quarter,OMPL_RRTSTAR,20000,1.0,1,0,1.0022658609996142,1.0022658609996142,2.1176985764640692,5,0,0,0,1,1,,
easy_zeros_to_quarter,OMPL_RRTSTAR,1000,2.0,1,0,2.002021350999712,2.002021350999712,1.8017515551722247,4,0,0,0,1,1,,
easy_zeros_to_quarter,OMPL_RRTSTAR,2000,2.0,1,0,2.002493040000445,2.002493040000445,1.8017515551722247,4,0,0,0,1,1,,
easy_zeros_to_quarter,OMPL_RRTSTAR,3000,2.0,1,0,2.0009197649997077,2.0009197649997077,2.203534834102792,5,0,0,0,1,1,,
easy_zeros_to_quarter,OMPL_RRTSTAR,4000,2.0,1,0,2.0011966470001425,2.0011966470001425,1.9842857695077583,4,0,0,0,1,1,,
easy_zeros_to_quarter,OMPL_RRTSTAR,5000,2.0,1,0,2.000306054000248,2.000306054000248,1.88107286910428,4,0,0,0,1,1,,
easy_zeros_to_quarter,OMPL_RRTSTAR,6000,2.0,1,0,2.0022855429997435,2.0022855429997435,2.1920713494434265,5,0,0,0,1,1,,
easy_zeros_to_quarter,OMPL_RRTSTAR,7000,2.0,1,0,2.002272701000038,2.002272701000038,1.8017515551722247,4,0,0,0,1,1,,
easy_zeros_to_quarter,OMPL_RRTSTAR,8000,2.0,1,0,2.002080555000248,2.002080555000248,1.9578064195592317,4,0,0,0,1,1,,
easy_zeros_to_quarter,OMPL_RRTSTAR,9000,2.0,1,0,2.0019141289994877,2.0019141289994877,1.8017515551722247,4,0,0,0,1,1,,
easy_zeros_to_quarter,OMPL_RRTSTAR,10000,2.0,1,0,2.0010948009994536,2.0010948009994536,1.8017515551722247,4,0,0,0,1,1,,
easy_zeros_to_quarter,OMPL_RRTSTAR,11000,2.0,1,0,2.0007103719999577,2.0007103719999577,1.9441583444581032,4,0,0,0,1,1,,
easy_zeros_to_quarter,OMPL_RRTSTAR,12000,2.0,1,0,2.0012837379999837,2.0012837379999837,1.8017515551722247,4,0,0,0,1,1,,
easy_zeros_to_quarter,OMPL_RRTSTAR,13000,2.0,1,0,2.001169305000076,2.001169305000076,2.3359663122548553,6,0,0,0,1,1,,
easy_zeros_to_quarter,OMPL_RRTSTAR,14000,2.0,1,0,2.0002439330000925,2.0002439330000925,1.9292541151917375,4,0,0,0,1,1,,
easy_zeros_to_quarter,OMPL_RRTSTAR,15000,2.0,1,0,2.0012998940001125,2.0012998940001125,1.935056599126656,4,0,0,0,1,1,,
easy_zeros_to_quarter,OMPL_RRTSTAR,16000,2.0,1,0,2.0006254939999053,2.0006254939999053,2.273764585324453,6,0,0,0,1,1,,
easy_zeros_to_quarter,OMPL_RRTSTAR,17000,2.0,1,0,2.0016855590001796,2.0016855590001796,2.116524676672271,5,0,0,0,1,1,,
easy_zeros_to_quarter,OMPL_RRTSTAR,18000,2.0,1,0,2.0012035669997204,2.0012035669997204,2.18116446830728,5,0,0,0,1,1,,
easy_zeros_to_quarter,OMPL_RRTSTAR,19000,2.0,1,0,2.000752666999688,2.000752666999688,1.951876114082533,4,0,0,0,1,1,,
easy_zeros_to_quarter,OMPL_RRTSTAR,20000,2.0,1,0,2.0024472850000166,2.0024472850000166,2.05548286838088,5,0,0,0,1,1,,
easy_zeros_to_quarter,OMPL_RRTCONNECT,1000,0.5,1,0,0.018408466999972006,0.018408466999972006,2.0633638140448958,5,0,0,0,1,1,,
easy_zeros_to_quarter,OMPL_RRTCONNECT,2000,0.5,1,0,0.008513544999914302,0.008513544999914302,1.9462995493176156,4,0,0,0,1,1,,
easy_zeros_to_quarter,OMPL_RRTCONNECT,3000,0.5,1,0,0.010905776999607042,0.010905776999607042,1.971462444331627,5,0,0,0,1,1,,
easy_zeros_to_quarter,OMPL_RRTCONNECT,4000,0.5,1,0,0.011190827999598696,0.011190827999598696,2.1165271755891766,5,0,0,0,1,1,,
easy_zeros_to_quarter,OMPL_RRTCONNECT,5000,0.5,1,0,0.011171438000019407,0.011171438000019407,2.0835306205300106,5,0,0,0,1,1,,
easy_zeros_to_quarter,OMPL_RRTCONNECT,6000,0.5,1,0,0.01106137300030241,0.01106137300030241,2.0039288916876674,5,0,0,0,1,1,,
easy_zeros_to_quarter,OMPL_RRTCONNECT,7000,0.5,1,0,0.0108992630002831,0.0108992630002831,2.0908788294924334,5,0,0,0,1,1,,
easy_zeros_to_quarter,OMPL_RRTCONNECT,8000,0.5,1,0,0.00838738399943395,0.00838738399943395,1.894239225532208,4,0,0,0,1,1,,
easy_zeros_to_quarter,OMPL_RRTCONNECT,9000,0.5,1,0,0.010874953999518766,0.010874953999518766,1.9702422309627812,5,0,0,0,1,1,,
easy_zeros_to_quarter,OMPL_RRTCONNECT,10000,0.5,1,0,0.008557871000448358,0.008557871000448358,2.0079041148618373,4,0,0,0,1,1,,
easy_zeros_to_quarter,OMPL_RRTCONNECT,11000,0.5,1,0,0.011419491000197013,0.011419491000197013,2.0487742856865987,5,0,0,0,1,1,,
easy_zeros_to_quarter,OMPL_RRTCONNECT,12000,0.5,1,0,0.01707452199934778,0.01707452199934778,2.0173354687313467,5,0,0,0,1,1,,
easy_zeros_to_quarter,OMPL_RRTCONNECT,13000,0.5,1,0,0.010723014999712177,0.010723014999712177,2.136460076248621,5,0,0,0,1,1,,
easy_zeros_to_quarter,OMPL_RRTCONNECT,14000,0.5,1,0,0.010654149999936635,0.010654149999936635,2.136388959167936,5,0,0,0,1,1,,
easy_zeros_to_quarter,OMPL_RRTCONNECT,15000,0.5,1,0,0.008382125000025553,0.008382125000025553,2.0799974547864957,4,0,0,0,1,1,,
easy_zeros_to_quarter,OMPL_RRTCONNECT,16000,0.5,1,0,0.011202517000128864,0.011202517000128864,2.148704879790521,5,0,0,0,1,1,,
easy_zeros_to_quarter,OMPL_RRTCONNECT,17000,0.5,1,0,0.010942405000605504,0.010942405000605504,1.980532085396232,5,0,0,0,1,1,,
easy_zeros_to_quarter,OMPL_RRTCONNECT,18000,0.5,1,0,0.011129702999824076,0.011129702999824076,2.1216544499380414,5,0,0,0,1,1,,
easy_zeros_to_quarter,OMPL_RRTCONNECT,19000,0.5,1,0,0.010839400999429927,0.010839400999429927,2.0094095807759516,5,0,0,0,1,1,,
easy_zeros_to_quarter,OMPL_RRTCONNECT,20000,0.5,1,0,0.008328722000442212,0.008328722000442212,1.9461051551417252,4,0,0,0,1,1,,
easy_zeros_to_quarter,OMPL_RRTCONNECT,1000,1.0,1,0,0.01199305899990577,0.01199305899990577,1.9699708881602365,5,0,0,0,1,1,,
easy_zeros_to_quarter,OMPL_RRTCONNECT,2000,1.0,1,0,0.008194986000489735,0.008194986000489735,1.9378704151816502,4,0,0,0,1,1,,
easy_zeros_to_quarter,OMPL_RRTCONNECT,3000,1.0,1,0,0.011403491000237409,0.011403491000237409,2.0051498686694735,5,0,0,0,1,1,,
easy_zeros_to_quarter,OMPL_RRTCONNECT,4000,1.0,1,0,0.011315322999507771,0.011315322999507771,1.9469405059577896,4,0,0,0,1,1,,
easy_zeros_to_quarter,OMPL_RRTCONNECT,5000,1.0,1,0,0.011463011000159895,0.011463011000159895,1.9693653562646403,5,0,0,0,1,1,,
easy_zeros_to_quarter,OMPL_RRTCONNECT,6000,1.0,1,0,0.008374565999474726,0.008374565999474726,1.9193209290481397,4,0,0,0,1,1,,
easy_zeros_to_quarter,OMPL_RRTCONNECT,7000,1.0,1,0,0.011088799000390281,0.011088799000390281,2.073231720172737,5,0,0,0,1,1,,
easy_zeros_to_quarter,OMPL_RRTCONNECT,8000,1.0,1,0,0.011453086000074109,0.011453086000074109,2.0183928582490402,5,0,0,0,1,1,,
easy_zeros_to_quarter,OMPL_RRTCONNECT,9000,1.0,1,0,0.008323584000208939,0.008323584000208939,1.9764044827036664,4,0,0,0,1,1,,
easy_zeros_to_quarter,OMPL_RRTCONNECT,10000,1.0,1,0,0.00821447199996328,0.00821447199996328,2.025914046656924,4,0,0,0,1,1,,
easy_zeros_to_quarter,OMPL_RRTCONNECT,11000,1.0,1,0,0.011833629000648216,0.011833629000648216,1.9616355323483536,5,0,0,0,1,1,,
easy_zeros_to_quarter,OMPL_RRTCONNECT,12000,1.0,1,0,0.011038325999834342,0.011038325999834342,1.972850576954485,5,0,0,0,1,1,,
easy_zeros_to_quarter,OMPL_RRTCONNECT,13000,1.0,1,0,0.008301783000206342,0.008301783000206342,1.9140983732494472,4,0,0,0,1,1,,
easy_zeros_to_quarter,OMPL_RRTCONNECT,14000,1.0,1,0,0.011655356999654032,0.011655356999654032,2.1158999885432754,5,0,0,0,1,1,,
easy_zeros_to_quarter,OMPL_RRTCONNECT,15000,1.0,1,0,0.008885655999620212,0.008885655999620212,1.9425169595439944,4,0,0,0,1,1,,
easy_zeros_to_quarter,OMPL_RRTCONNECT,16000,1.0,1,0,0.011049587999877986,0.011049587999877986,2.0318775757016034,5,0,0,0,1,1,,
easy_zeros_to_quarter,OMPL_RRTCONNECT,17000,1.0,1,0,0.011387612999897101,0.011387612999897101,1.970978854707348,5,0,0,0,1,1,,
easy_zeros_to_quarter,OMPL_RRTCONNECT,18000,1.0,1,0,0.011428556999817374,0.011428556999817374,1.9635929858030194,5,0,0,0,1,1,,
easy_zeros_to_quarter,OMPL_RRTCONNECT,19000,1.0,1,0,0.011034295000172278,0.011034295000172278,2.0737963159574377,5,0,0,0,1,1,,
easy_zeros_to_quarter,OMPL_RRTCONNECT,20000,1.0,1,0,0.008418694999818399,0.008418694999818399,1.9940028703808883,4,0,0,0,1,1,,
easy_zeros_to_quarter,OMPL_RRTCONNECT,1000,2.0,1,0,0.011078321999775653,0.011078321999775653,2.0992734689580166,5,0,0,0,1,1,,
easy_zeros_to_quarter,OMPL_RRTCONNECT,2000,2.0,1,0,0.011151933999826724,0.011151933999826724,2.0387206710908448,5,0,0,0,1,1,,
easy_zeros_to_quarter,OMPL_RRTCONNECT,3000,2.0,1,0,0.008558202000131132,0.008558202000131132,1.942358363908518,4,0,0,0,1,1,,
easy_zeros_to_quarter,OMPL_RRTCONNECT,4000,2.0,1,0,0.011256740000135323,0.011256740000135323,1.9928575746984842,5,0,0,0,1,1,,
easy_zeros_to_quarter,OMPL_RRTCONNECT,5000,2.0,1,0,0.011367209999662009,0.011367209999662009,2.043141408827985,5,0,0,0,1,1,,
easy_zeros_to_quarter,OMPL_RRTCONNECT,6000,2.0,1,0,0.011401986999771907,0.011401986999771907,2.031836477533098,5,0,0,0,1,1,,
easy_zeros_to_quarter,OMPL_RRTCONNECT,7000,2.0,1,0,0.010953241999231977,0.010953241999231977,1.9948078755427114,5,0,0,0,1,1,,
easy_zeros_to_quarter,OMPL_RRTCONNECT,8000,2.0,1,0,0.010921170000074198,0.010921170000074198,2.0081946261783754,5,0,0,0,1,1,,
easy_zeros_to_quarter,OMPL_RRTCONNECT,9000,2.0,1,0,0.011806745000285446,0.011806745000285446,2.040877758783436,5,0,0,0,1,1,,
easy_zeros_to_quarter,OMPL_RRTCONNECT,10000,2.0,1,0,0.008576141000048665,0.008576141000048665,1.9547513868157615,4,0,0,0,1,1,,
easy_zeros_to_quarter,OMPL_RRTCONNECT,11000,2.0,1,0,0.011009205999471305,0.011009205999471305,2.15744228869805,5,0,0,0,1,1,,
easy_zeros_to_quarter,OMPL_RRTCONNECT,12000,2.0,1,0,0.011093708000771585,0.011093708000771585,2.0818859928663307,5,0,0,0,1,1,,
easy_zeros_to_quarter,OMPL_RRTCONNECT,13000,2.0,1,0,0.01174377799998183,0.01174377799998183,1.99932994000554,5,0,0,0,1,1,,
easy_zeros_to_quarter,OMPL_RRTCONNECT,14000,2.0,1,0,0.00830577600027027,0.00830577600027027,1.9074048430766732,4,0,0,0,1,1,,
easy_zeros_to_quarter,OMPL_RRTCONNECT,15000,2.0,1,0,0.011194377999345306,0.011194377999345306,2.01018350884242,5,0,0,0,1,1,,
easy_zeros_to_quarter,OMPL_RRTCONNECT,16000,2.0,1,0,0.008476322000205982,0.008476322000205982,1.901487744192791,4,0,0,0,1,1,,
easy_zeros_to_quarter,OMPL_RRTCONNECT,17000,2.0,1,0,0.011358964999999444,0.011358964999999444,2.064181541708345,5,0,0,0,1,1,,
easy_zeros_to_quarter,OMPL_RRTCONNECT,18000,2.0,1,0,0.010845077000340098,0.010845077000340098,2.144529930909562,5,0,0,0,1,1,,
easy_zeros_to_quarter,OMPL_RRTCONNECT,19000,2.0,1,0,0.008148034999976517,0.008148034999976517,2.0498108474303174,4,0,0,0,1,1,,
easy_zeros_to_quarter,OMPL_RRTCONNECT,20000,2.0,1,0,0.00901367599999503,0.00901367599999503,2.053031178807763,4,0,0,0,1,1,,
medium_zeros_to_halfmax,AEB_RRTSTAR_FAITHFUL,1000,0.5,1,0,0.013214998000876221,0.013214998000876221,2.6696064859777153,5,3,3,5,1,1,,
medium_zeros_to_halfmax,AEB_RRTSTAR_FAITHFUL,2000,0.5,1,0,0.022689666999212932,0.022689666999212932,2.6696064859777153,5,3,3,5,1,1,,
medium_zeros_to_halfmax,AEB_RRTSTAR_FAITHFUL,3000,0.5,1,0,0.013552532000176143,0.013552532000176143,2.6696064859777153,5,3,3,5,1,1,,
medium_zeros_to_halfmax,AEB_RRTSTAR_FAITHFUL,4000,0.5,1,0,0.01341765600045619,0.01341765600045619,2.6696064859777153,5,3,3,5,1,1,,
medium_zeros_to_halfmax,AEB_RRTSTAR_FAITHFUL,5000,0.5,1,0,0.013343533000806929,0.013343533000806929,2.6696064859777153,5,3,3,5,1,1,,
medium_zeros_to_halfmax,AEB_RRTSTAR_FAITHFUL,6000,0.5,1,0,0.015639465999811364,0.015639465999811364,2.6696064859777153,5,3,3,5,1,1,,
medium_zeros_to_halfmax,AEB_RRTSTAR_FAITHFUL,7000,0.5,1,0,0.01850875400032237,0.01850875400032237,2.8204840890577074,5,4,3,7,1,1,,
medium_zeros_to_halfmax,AEB_RRTSTAR_FAITHFUL,8000,0.5,1,0,0.01300853099928645,0.01300853099928645,2.6696064859777153,5,3,3,5,1,1,,
medium_zeros_to_halfmax,AEB_RRTSTAR_FAITHFUL,9000,0.5,1,0,0.013250617999801761,0.013250617999801761,2.6696064859777153,5,3,3,5,1,1,,
medium_zeros_to_halfmax,AEB_RRTSTAR_FAITHFUL,10000,0.5,1,0,0.013010028999815404,0.013010028999815404,2.6696064859777153,5,3,3,5,1,1,,
medium_zeros_to_halfmax,AEB_RRTSTAR_FAITHFUL,11000,0.5,1,0,0.026437856000484317,0.026437856000484317,3.0349493879926017,5,4,4,10,1,1,,
medium_zeros_to_halfmax,AEB_RRTSTAR_FAITHFUL,12000,0.5,1,0,0.013452774999677786,0.013452774999677786,2.6696064859777153,5,3,3,5,1,1,,
medium_zeros_to_halfmax,AEB_RRTSTAR_FAITHFUL,13000,0.5,1,0,0.016910799000470433,0.016910799000470433,2.6696064859777153,5,3,3,5,1,1,,
medium_zeros_to_halfmax,AEB_RRTSTAR_FAITHFUL,14000,0.5,1,0,0.013158957000086957,0.013158957000086957,2.6696064859777153,5,3,3,5,1,1,,
medium_zeros_to_halfmax,AEB_RRTSTAR_FAITHFUL,15000,0.5,1,0,0.01318633599930763,0.01318633599930763,2.6696064859777153,5,3,3,5,1,1,,
medium_zeros_to_halfmax,AEB_RRTSTAR_FAITHFUL,16000,0.5,1,0,0.019436145999861765,0.019436145999861765,2.561764798522744,5,4,3,7,1,1,,
medium_zeros_to_halfmax,AEB_RRTSTAR_FAITHFUL,17000,0.5,1,0,0.013148864999493526,0.013148864999493526,2.6696064859777153,5,3,3,5,1,1,,
medium_zeros_to_halfmax,AEB_RRTSTAR_FAITHFUL,18000,0.5,1,0,0.013852099999894563,0.013852099999894563,2.6696064859777153,5,3,3,5,1,1,,
medium_zeros_to_halfmax,AEB_RRTSTAR_FAITHFUL,19000,0.5,1,0,0.013272105999931227,0.013272105999931227,2.6696064859777153,5,3,3,5,1,1,,
medium_zeros_to_halfmax,AEB_RRTSTAR_FAITHFUL,20000,0.5,1,0,0.02296168900011253,0.02296168900011253,2.6696064859777153,5,3,3,5,1,1,,
medium_zeros_to_halfmax,AEB_RRTSTAR_FAITHFUL,1000,1.0,1,0,0.013404723999883572,0.013404723999883572,2.6696064859777153,5,3,3,5,1,1,,
medium_zeros_to_halfmax,AEB_RRTSTAR_FAITHFUL,2000,1.0,1,0,0.020581011999638577,0.020581011999638577,2.6696064859777153,5,3,3,5,1,1,,
medium_zeros_to_halfmax,AEB_RRTSTAR_FAITHFUL,3000,1.0,1,0,0.013542537999455817,0.013542537999455817,2.6696064859777153,5,3,3,5,1,1,,
medium_zeros_to_halfmax,AEB_RRTSTAR_FAITHFUL,4000,1.0,1,0,0.013697216999389639,0.013697216999389639,2.6696064859777153,5,3,3,5,1,1,,
medium_zeros_to_halfmax,AEB_RRTSTAR_FAITHFUL,5000,1.0,1,0,0.015933215000586642,0.015933215000586642,2.6696064859777153,5,3,3,5,1,1,,
medium_zeros_to_halfmax,AEB_RRTSTAR_FAITHFUL,6000,1.0,1,0,0.013429925000309595,0.013429925000309595,2.6696064859777153,5,3,3,5,1,1,,
medium_zeros_to_halfmax,AEB_RRTSTAR_FAITHFUL,7000,1.0,1,0,0.019006571000318218,0.019006571000318218,2.8204840890577074,5,4,3,7,1,1,,
medium_zeros_to_halfmax,AEB_RRTSTAR_FAITHFUL,8000,1.0,1,0,0.013795836999634048,0.013795836999634048,2.6696064859777153,5,3,3,5,1,1,,
medium_zeros_to_halfmax,AEB_RRTSTAR_FAITHFUL,9000,1.0,1,0,0.013102142000207095,0.013102142000207095,2.6696064859777153,5,3,3,5,1,1,,
medium_zeros_to_halfmax,AEB_RRTSTAR_FAITHFUL,10000,1.0,1,0,0.014300700999228866,0.014300700999228866,2.6696064859777153,5,3,3,5,1,1,,
medium_zeros_to_halfmax,AEB_RRTSTAR_FAITHFUL,11000,1.0,1,0,0.02571662600075797,0.02571662600075797,3.0349493879926017,5,4,4,10,1,1,,
medium_zeros_to_halfmax,AEB_RRTSTAR_FAITHFUL,12000,1.0,1,0,0.013311655000507017,0.013311655000507017,2.6696064859777153,5,3,3,5,1,1,,
medium_zeros_to_halfmax,AEB_RRTSTAR_FAITHFUL,13000,1.0,1,0,0.013330920000043989,0.013330920000043989,2.6696064859777153,5,3,3,5,1,1,,
medium_zeros_to_halfmax,AEB_RRTSTAR_FAITHFUL,14000,1.0,1,0,0.014391065000381786,0.014391065000381786,2.6696064859777153,5,3,3,5,1,1,,
medium_zeros_to_halfmax,AEB_RRTSTAR_FAITHFUL,15000,1.0,1,0,0.01319478599998547,0.01319478599998547,2.6696064859777153,5,3,3,5,1,1,,
medium_zeros_to_halfmax,AEB_RRTSTAR_FAITHFUL,16000,1.0,1,0,0.018587427999591455,0.018587427999591455,2.561764798522744,5,4,3,7,1,1,,
medium_zeros_to_halfmax,AEB_RRTSTAR_FAITHFUL,17000,1.0,1,0,0.012840317000154755,0.012840317000154755,2.6696064859777153,5,3,3,5,1,1,,
medium_zeros_to_halfmax,AEB_RRTSTAR_FAITHFUL,18000,1.0,1,0,0.013416415999927267,0.013416415999927267,2.6696064859777153,5,3,3,5,1,1,,
medium_zeros_to_halfmax,AEB_RRTSTAR_FAITHFUL,19000,1.0,1,0,0.021324182000171277,0.021324182000171277,2.6696064859777153,5,3,3,5,1,1,,
medium_zeros_to_halfmax,AEB_RRTSTAR_FAITHFUL,20000,1.0,1,0,0.013487383000210684,0.013487383000210684,2.6696064859777153,5,3,3,5,1,1,,
medium_zeros_to_halfmax,AEB_RRTSTAR_FAITHFUL,1000,2.0,1,0,0.014850745999865467,0.014850745999865467,2.6696064859777153,5,3,3,5,1,1,,
medium_zeros_to_halfmax,AEB_RRTSTAR_FAITHFUL,2000,2.0,1,0,0.01665489599963621,0.01665489599963621,2.6696064859777153,5,3,3,5,1,1,,
medium_zeros_to_halfmax,AEB_RRTSTAR_FAITHFUL,3000,2.0,1,0,0.013261821999549284,0.013261821999549284,2.6696064859777153,5,3,3,5,1,1,,
medium_zeros_to_halfmax,AEB_RRTSTAR_FAITHFUL,4000,2.0,1,0,0.013850919000105932,0.013850919000105932,2.6696064859777153,5,3,3,5,1,1,,
medium_zeros_to_halfmax,AEB_RRTSTAR_FAITHFUL,5000,2.0,1,0,0.014362355000230309,0.014362355000230309,2.6696064859777153,5,3,3,5,1,1,,
medium_zeros_to_halfmax,AEB_RRTSTAR_FAITHFUL,6000,2.0,1,0,0.015198093999970297,0.015198093999970297,2.6696064859777153,5,3,3,5,1,1,,
medium_zeros_to_halfmax,AEB_RRTSTAR_FAITHFUL,7000,2.0,1,0,0.018690761000470957,0.018690761000470957,2.8204840890577074,5,4,3,7,1,1,,
medium_zeros_to_halfmax,AEB_RRTSTAR_FAITHFUL,8000,2.0,1,0,0.023230288999911863,0.023230288999911863,2.6696064859777153,5,3,3,5,1,1,,
medium_zeros_to_halfmax,AEB_RRTSTAR_FAITHFUL,9000,2.0,1,0,0.01366748300006293,0.01366748300006293,2.6696064859777153,5,3,3,5,1,1,,
medium_zeros_to_halfmax,AEB_RRTSTAR_FAITHFUL,10000,2.0,1,0,0.01375718599956599,0.01375718599956599,2.6696064859777153,5,3,3,5,1,1,,
medium_zeros_to_halfmax,AEB_RRTSTAR_FAITHFUL,11000,2.0,1,0,0.028387571999701322,0.028387571999701322,3.0349493879926017,5,4,4,10,1,1,,
medium_zeros_to_halfmax,AEB_RRTSTAR_FAITHFUL,12000,2.0,1,0,0.013473399999384128,0.013473399999384128,2.6696064859777153,5,3,3,5,1,1,,
medium_zeros_to_halfmax,AEB_RRTSTAR_FAITHFUL,13000,2.0,1,0,0.013529145000575227,0.013529145000575227,2.6696064859777153,5,3,3,5,1,1,,
medium_zeros_to_halfmax,AEB_RRTSTAR_FAITHFUL,14000,2.0,1,0,0.013343964999876334,0.013343964999876334,2.6696064859777153,5,3,3,5,1,1,,
medium_zeros_to_halfmax,AEB_RRTSTAR_FAITHFUL,15000,2.0,1,0,0.013321538000127475,0.013321538000127475,2.6696064859777153,5,3,3,5,1,1,,
medium_zeros_to_halfmax,AEB_RRTSTAR_FAITHFUL,16000,2.0,1,0,0.019567012999686995,0.019567012999686995,2.561764798522744,5,4,3,7,1,1,,
medium_zeros_to_halfmax,AEB_RRTSTAR_FAITHFUL,17000,2.0,1,0,0.013671194000380638,0.013671194000380638,2.6696064859777153,5,3,3,5,1,1,,
medium_zeros_to_halfmax,AEB_RRTSTAR_FAITHFUL,18000,2.0,1,0,0.013359239999772399,0.013359239999772399,2.6696064859777153,5,3,3,5,1,1,,
medium_zeros_to_halfmax,AEB_RRTSTAR_FAITHFUL,19000,2.0,1,0,0.013548681000429497,0.013548681000429497,2.6696064859777153,5,3,3,5,1,1,,
medium_zeros_to_halfmax,AEB_RRTSTAR_FAITHFUL,20000,2.0,1,0,0.013396285000453645,0.013396285000453645,2.6696064859777153,5,3,3,5,1,1,,
medium_zeros_to_halfmax,OMPL_RRTSTAR,1000,0.5,1,0,0.5014520149998134,0.5014520149998134,5.194901488912428,15,0,0,0,1,1,,
medium_zeros_to_halfmax,OMPL_RRTSTAR,2000,0.5,1,0,0.5002614129998619,0.5002614129998619,4.4328721436385985,14,0,0,0,1,1,,
medium_zeros_to_halfmax,OMPL_RRTSTAR,3000,0.5,1,0,0.5009100389997911,0.5009100389997911,5.231877270318229,16,0,0,0,1,1,,
medium_zeros_to_halfmax,OMPL_RRTSTAR,4000,0.5,1,0,0.5022078009997131,0.5022078009997131,5.311688711306081,16,0,0,0,1,1,,
medium_zeros_to_halfmax,OMPL_RRTSTAR,5000,0.5,1,1,0.5004972380002073,0.5004972380002073,2.997807452419872,9,0,0,0,1,1,,
medium_zeros_to_halfmax,OMPL_RRTSTAR,6000,0.5,1,0,0.5017705480004224,0.5017705480004224,4.458349068251846,13,0,0,0,1,1,,
medium_zeros_to_halfmax,OMPL_RRTSTAR,7000,0.5,1,0,0.5021627509995596,0.5021627509995596,5.582619699786823,17,0,0,0,1,1,,
medium_zeros_to_halfmax,OMPL_RRTSTAR,8000,0.5,1,0,0.5018643000003067,0.5018643000003067,6.158445431758947,19,0,0,0,1,1,,
medium_zeros_to_halfmax,OMPL_RRTSTAR,9000,0.5,1,1,0.5017660130006334,0.5017660130006334,5.442920332427483,17,0,0,0,1,1,,
medium_zeros_to_halfmax,OMPL_RRTSTAR,10000,0.5,1,0,0.5002946020003947,0.5002946020003947,4.727306418067493,15,0,0,0,1,1,,
medium_zeros_to_halfmax,OMPL_RRTSTAR,11000,0.5,1,0,0.5017832469993664,0.5017832469993664,4.781925149503741,15,0,0,0,1,1,,
medium_zeros_to_halfmax,OMPL_RRTSTAR,12000,0.5,1,1,0.5013547140006267,0.5013547140006267,3.767721733363138,12,0,0,0,1,1,,
medium_zeros_to_halfmax,OMPL_RRTSTAR,13000,0.5,1,0,0.5023764089992255,0.5023764089992255,4.883171364370505,14,0,0,0,1,1,,
medium_zeros_to_halfmax,OMPL_RRTSTAR,14000,0.5,1,0,0.5022215299995878,0.5022215299995878,4.770518129999873,15,0,0,0,1,1,,
medium_zeros_to_halfmax,OMPL_RRTSTAR,15000,0.5,1,0,0.5016141520000019,0.5016141520000019,5.011350324449259,15,0,0,0,1,1,,
medium_zeros_to_halfmax,OMPL_RRTSTAR,16000,0.5,1,0,0.5021385569998529,0.5021385569998529,4.976315372271495,15,0,0,0,1,1,,
medium_zeros_to_halfmax,OMPL_RRTSTAR,17000,0.5,1,0,0.5024620149997645,0.5024620149997645,4.710020952549709,14,0,0,0,1,1,,
medium_zeros_to_halfmax,OMPL_RRTSTAR,18000,0.5,1,0,0.5002026259999184,0.5002026259999184,4.931931726194461,15,0,0,0,1,1,,
medium_zeros_to_halfmax,OMPL_RRTSTAR,19000,0.5,1,0,0.5009331010005553,0.5009331010005553,7.4433948474874825,23,0,0,0,1,1,,
medium_zeros_to_halfmax,OMPL_RRTSTAR,20000,0.5,1,1,0.5010148620003747,0.5010148620003747,5.534367942011692,17,0,0,0,1,1,,
medium_zeros_to_halfmax,OMPL_RRTSTAR,1000,1.0,1,1,1.0012243849996594,1.0012243849996594,2.923904797704778,9,0,0,0,1,1,,
medium_zeros_to_halfmax,OMPL_RRTSTAR,2000,1.0,1,0,1.0013650330001838,1.0013650330001838,4.378834187304595,13,0,0,0,1,1,,
medium_zeros_to_halfmax,OMPL_RRTSTAR,3000,1.0,1,0,1.0019265969995104,1.0019265969995104,4.233450601188134,13,0,0,0,1,1,,
medium_zeros_to_halfmax,OMPL_RRTSTAR,4000,1.0,1,0,1.0018034190006802,1.0018034190006802,4.592079258766155,14,0,0,0,1,1,,
medium_zeros_to_halfmax,OMPL_RRTSTAR,5000,1.0,1,0,1.0014714409999215,1.0014714409999215,5.096637664138118,15,0,0,0,1,1,,
medium_zeros_to_halfmax,OMPL_RRTSTAR,6000,1.0,1,0,1.001989410000533,1.001989410000533,4.872343755353796,15,0,0,0,1,1,,
medium_zeros_to_halfmax,OMPL_RRTSTAR,7000,1.0,1,0,1.000612822000221,1.000612822000221,4.063086126638064,12,0,0,0,1,1,,
medium_zeros_to_halfmax,OMPL_RRTSTAR,8000,1.0,1,0,1.0020690410001407,1.0020690410001407,4.887992392826912,14,0,0,0,1,1,,
medium_zeros_to_halfmax,OMPL_RRTSTAR,9000,1.0,1,0,1.0018319410000913,1.0018319410000913,6.101070493272625,19,0,0,0,1,1,,
medium_zeros_to_halfmax,OMPL_RRTSTAR,10000,1.0,1,0,1.0001969300001292,1.0001969300001292,5.507394555817232,17,0,0,0,1,1,,
medium_zeros_to_halfmax,OMPL_RRTSTAR,11000,1.0,1,0,1.0001866259999588,1.0001866259999588,4.08159344604821,12,0,0,0,1,1,,
medium_zeros_to_halfmax,OMPL_RRTSTAR,12000,1.0,1,0,1.0009546230003252,1.0009546230003252,5.311608168583153,16,0,0,0,1,1,,
medium_zeros_to_halfmax,OMPL_RRTSTAR,13000,1.0,1,0,1.0010489050000615,1.0010489050000615,5.711702995681761,17,0,0,0,1,1,,
medium_zeros_to_halfmax,OMPL_RRTSTAR,14000,1.0,1,0,1.0019200819997423,1.0019200819997423,4.46925792861399,14,0,0,0,1,1,,
medium_zeros_to_halfmax,OMPL_RRTSTAR,15000,1.0,1,0,1.001235910000105,1.001235910000105,6.573634717709505,19,0,0,0,1,1,,
medium_zeros_to_halfmax,OMPL_RRTSTAR,16000,1.0,1,0,1.0005864109998583,1.0005864109998583,5.332699864701623,15,0,0,0,1,1,,
medium_zeros_to_halfmax,OMPL_RRTSTAR,17000,1.0,1,0,1.0013163149997126,1.0013163149997126,4.487587190515134,14,0,0,0,1,1,,
medium_zeros_to_halfmax,OMPL_RRTSTAR,18000,1.0,1,0,1.0004189230003249,1.0004189230003249,5.425278558089595,16,0,0,0,1,1,,
medium_zeros_to_halfmax,OMPL_RRTSTAR,19000,1.0,1,0,1.001350438999907,1.001350438999907,6.062882458653004,16,0,0,0,1,1,,
medium_zeros_to_halfmax,OMPL_RRTSTAR,20000,1.0,1,1,1.001697198000329,1.001697198000329,6.156867146826022,19,0,0,0,1,1,,
medium_zeros_to_halfmax,OMPL_RRTSTAR,1000,2.0,1,0,2.001990968999962,2.001990968999962,4.60468333186376,14,0,0,0,1,1,,
medium_zeros_to_halfmax,OMPL_RRTSTAR,2000,2.0,1,0,2.0013758220002273,2.0013758220002273,4.902739986650638,15,0,0,0,1,1,,
medium_zeros_to_halfmax,OMPL_RRTSTAR,3000,2.0,1,0,2.0019310509997013,2.0019310509997013,6.281211957355832,19,0,0,0,1,1,,
medium_zeros_to_halfmax,OMPL_RRTSTAR,4000,2.0,1,0,2.0018670720000955,2.0018670720000955,5.010040059848846,15,0,0,0,1,1,,
medium_zeros_to_halfmax,OMPL_RRTSTAR,5000,2.0,1,0,2.0000900269997146,2.0000900269997146,4.624043413460654,13,0,0,0,1,1,,
medium_zeros_to_halfmax,OMPL_RRTSTAR,6000,2.0,1,0,2.0021444189997055,2.0021444189997055,4.920144539107192,14,0,0,0,1,1,,
medium_zeros_to_halfmax,OMPL_RRTSTAR,7000,2.0,1,0,2.0006634769997618,2.0006634769997618,5.819555686047215,18,0,0,0,1,1,,
medium_zeros_to_halfmax,OMPL_RRTSTAR,8000,2.0,1,0,2.0023159550000855,2.0023159550000855,4.458753089927972,14,0,0,0,1,1,,
medium_zeros_to_halfmax,OMPL_RRTSTAR,9000,2.0,1,0,2.0005735409995395,2.0005735409995395,4.225956610383434,12,0,0,0,1,1,,
medium_zeros_to_halfmax,OMPL_RRTSTAR,10000,2.0,1,0,2.000506175000737,2.000506175000737,6.706659769969422,21,0,0,0,1,1,,
medium_zeros_to_halfmax,OMPL_RRTSTAR,11000,2.0,1,0,2.0017245369999728,2.0017245369999728,4.827540368792371,14,0,0,0,1,1,,
medium_zeros_to_halfmax,OMPL_RRTSTAR,12000,2.0,1,0,2.002117865999935,2.002117865999935,5.718182783868157,17,0,0,0,1,1,,
medium_zeros_to_halfmax,OMPL_RRTSTAR,13000,2.0,1,0,2.0025065770005313,2.0025065770005313,6.301779215181881,19,0,0,0,1,1,,
medium_zeros_to_halfmax,OMPL_RRTSTAR,14000,2.0,1,0,2.000209163999898,2.000209163999898,5.957185772319354,19,0,0,0,1,1,,
medium_zeros_to_halfmax,OMPL_RRTSTAR,15000,2.0,1,0,2.0005662240000675,2.0005662240000675,5.408999227564104,17,0,0,0,1,1,,
medium_zeros_to_halfmax,OMPL_RRTSTAR,16000,2.0,1,0,2.0005352099997253,2.0005352099997253,4.521996036442438,14,0,0,0,1,1,,
medium_zeros_to_halfmax,OMPL_RRTSTAR,17000,2.0,1,0,2.001917032000165,2.001917032000165,4.814207411004988,15,0,0,0,1,1,,
medium_zeros_to_halfmax,OMPL_RRTSTAR,18000,2.0,1,0,2.0009970640003303,2.0009970640003303,5.656007373061748,18,0,0,0,1,1,,
medium_zeros_to_halfmax,OMPL_RRTSTAR,19000,2.0,1,0,2.0014147349993436,2.0014147349993436,7.188372065187885,23,0,0,0,1,1,,
medium_zeros_to_halfmax,OMPL_RRTSTAR,20000,2.0,1,0,2.000375984999664,2.000375984999664,6.169317071828199,19,0,0,0,1,1,,
medium_zeros_to_halfmax,OMPL_RRTCONNECT,1000,0.5,1,0,0.026820668999789632,0.026820668999789632,3.700893615776784,10,0,0,0,1,1,,
medium_zeros_to_halfmax,OMPL_RRTCONNECT,2000,0.5,1,0,0.044278429999394575,0.044278429999394575,4.172096013071561,12,0,0,0,1,1,,
medium_zeros_to_halfmax,OMPL_RRTCONNECT,3000,0.5,1,0,0.037865354000132356,0.037865354000132356,3.678497031654853,11,0,0,0,1,1,,
medium_zeros_to_halfmax,OMPL_RRTCONNECT,4000,0.5,1,0,0.02659795999989001,0.02659795999989001,3.6223793032367304,11,0,0,0,1,1,,
medium_zeros_to_halfmax,OMPL_RRTCONNECT,5000,0.5,1,0,0.0265867319994868,0.0265867319994868,3.730094804390874,11,0,0,0,1,1,,
medium_zeros_to_halfmax,OMPL_RRTCONNECT,6000,0.5,1,0,0.02719570799945359,0.02719570799945359,3.7797610557605275,11,0,0,0,1,1,,
medium_zeros_to_halfmax,OMPL_RRTCONNECT,7000,0.5,1,0,0.06509645799997088,0.06509645799997088,4.404860585061877,13,0,0,0,1,1,,
medium_zeros_to_halfmax,OMPL_RRTCONNECT,8000,0.5,1,0,0.028020046999699844,0.028020046999699844,3.8801605617598636,11,0,0,0,1,1,,
medium_zeros_to_halfmax,OMPL_RRTCONNECT,9000,0.5,1,0,0.02689299800022127,0.02689299800022127,3.6446501299776783,11,0,0,0,1,1,,
medium_zeros_to_halfmax,OMPL_RRTCONNECT,10000,0.5,1,0,0.029078233999825898,0.029078233999825898,3.858643901483838,12,0,0,0,1,1,,
medium_zeros_to_halfmax,OMPL_RRTCONNECT,11000,0.5,1,0,0.03521834999992279,0.03521834999992279,3.9814355934783485,12,0,0,0,1,1,,
medium_zeros_to_halfmax,OMPL_RRTCONNECT,12000,0.5,1,0,0.04773944700082211,0.04773944700082211,4.23108060548989,13,0,0,0,1,1,,
medium_zeros_to_halfmax,OMPL_RRTCONNECT,13000,0.5,1,0,0.02919540099992446,0.02919540099992446,3.6995361127546236,11,0,0,0,1,1,,
medium_zeros_to_halfmax,OMPL_RRTCONNECT,14000,0.5,1,0,0.03835505999995803,0.03835505999995803,3.6818314109405677,11,0,0,0,1,1,,
medium_zeros_to_halfmax,OMPL_RRTCONNECT,15000,0.5,1,0,0.028434670999558875,0.028434670999558875,3.7393916833073435,11,0,0,0,1,1,,
medium_zeros_to_halfmax,OMPL_RRTCONNECT,16000,0.5,1,0,0.035536823000256845,0.035536823000256845,3.594830028692565,11,0,0,0,1,1,,
medium_zeros_to_halfmax,OMPL_RRTCONNECT,17000,0.5,1,0,0.03592487100013386,0.03592487100013386,4.079979496262534,12,0,0,0,1,1,,
medium_zeros_to_halfmax,OMPL_RRTCONNECT,18000,0.5,1,0,0.25599476099978347,0.25599476099978347,7.051911025585771,22,0,0,0,1,1,,
medium_zeros_to_halfmax,OMPL_RRTCONNECT,19000,0.5,1,0,0.04286608599977626,0.04286608599977626,3.9327779095642836,12,0,0,0,1,1,,
medium_zeros_to_halfmax,OMPL_RRTCONNECT,20000,0.5,1,0,0.04919919599979039,0.04919919599979039,4.034132265296353,12,0,0,0,1,1,,
medium_zeros_to_halfmax,OMPL_RRTCONNECT,1000,1.0,1,0,0.03195182299987209,0.03195182299987209,3.7375307354155938,11,0,0,0,1,1,,
medium_zeros_to_halfmax,OMPL_RRTCONNECT,2000,1.0,1,0,0.13986786300029053,0.13986786300029053,5.684742758401692,17,0,0,0,1,1,,
medium_zeros_to_halfmax,OMPL_RRTCONNECT,3000,1.0,1,0,0.026256679999278276,0.026256679999278276,3.8441871988185023,11,0,0,0,1,1,,
medium_zeros_to_halfmax,OMPL_RRTCONNECT,4000,1.0,1,0,0.06733076900036394,0.06733076900036394,3.9439828484749313,12,0,0,0,1,1,,
medium_zeros_to_halfmax,OMPL_RRTCONNECT,5000,1.0,1,0,0.03003069099941058,0.03003069099941058,3.8799504664483306,12,0,0,0,1,1,,
medium_zeros_to_halfmax,OMPL_RRTCONNECT,6000,1.0,1,0,0.028691104000245105,0.028691104000245105,3.5577159937134386,10,0,0,0,1,1,,
medium_zeros_to_halfmax,OMPL_RRTCONNECT,7000,1.0,1,0,0.02711175500007812,0.02711175500007812,3.6855058726020395,11,0,0,0,1,1,,
medium_zeros_to_halfmax,OMPL_RRTCONNECT,8000,1.0,1,0,0.04108645599990268,0.04108645599990268,4.082024452471323,12,0,0,0,1,1,,
medium_zeros_to_halfmax,OMPL_RRTCONNECT,9000,1.0,1,0,0.02762317399992753,0.02762317399992753,3.6483333719635804,11,0,0,0,1,1,,
medium_zeros_to_halfmax,OMPL_RRTCONNECT,10000,1.0,1,0,0.026798448000590724,0.026798448000590724,3.6468664424172754,11,0,0,0,1,1,,
medium_zeros_to_halfmax,OMPL_RRTCONNECT,11000,1.0,1,0,0.08516055099971709,0.08516055099971709,4.016574998902092,12,0,0,0,1,1,,
medium_zeros_to_halfmax,OMPL_RRTCONNECT,12000,1.0,1,0,0.027004925000255753,0.027004925000255753,3.738407288636973,11,0,0,0,1,1,,
medium_zeros_to_halfmax,OMPL_RRTCONNECT,13000,1.0,1,0,0.1287521829999605,0.1287521829999605,4.154381477550909,12,0,0,0,1,1,,
medium_zeros_to_halfmax,OMPL_RRTCONNECT,14000,1.0,1,0,0.025145251999674656,0.025145251999674656,3.538932591301519,10,0,0,0,1,1,,
medium_zeros_to_halfmax,OMPL_RRTCONNECT,15000,1.0,1,0,0.04413990700049908,0.04413990700049908,3.940479416391984,12,0,0,0,1,1,,
medium_zeros_to_halfmax,OMPL_RRTCONNECT,16000,1.0,1,0,0.05032007899990276,0.05032007899990276,4.446830297331844,14,0,0,0,1,1,,
medium_zeros_to_halfmax,OMPL_RRTCONNECT,17000,1.0,1,0,0.0734674149998682,0.0734674149998682,5.244049560400248,16,0,0,0,1,1,,
medium_zeros_to_halfmax,OMPL_RRTCONNECT,18000,1.0,1,0,0.03557719400032511,0.03557719400032511,3.8993345094935146,12,0,0,0,1,1,,
medium_zeros_to_halfmax,OMPL_RRTCONNECT,19000,1.0,1,0,0.026860797999688657,0.026860797999688657,3.7807406474634786,11,0,0,0,1,1,,
medium_zeros_to_halfmax,OMPL_RRTCONNECT,20000,1.0,1,0,0.0525316240000393,0.0525316240000393,4.46953926848995,14,0,0,0,1,1,,
medium_zeros_to_halfmax,OMPL_RRTCONNECT,1000,2.0,1,0,0.026784708000377577,0.026784708000377577,3.6233642681511076,11,0,0,0,1,1,,
medium_zeros_to_halfmax,OMPL_RRTCONNECT,2000,2.0,1,0,0.029184639000050083,0.029184639000050083,3.624343497216281,11,0,0,0,1,1,,
medium_zeros_to_halfmax,OMPL_RRTCONNECT,3000,2.0,1,0,0.05286166600035358,0.05286166600035358,3.8415630523911837,12,0,0,0,1,1,,
medium_zeros_to_halfmax,OMPL_RRTCONNECT,4000,2.0,1,0,0.02820245399925625,0.02820245399925625,3.691785933834704,11,0,0,0,1,1,,
medium_zeros_to_halfmax,OMPL_RRTCONNECT,5000,2.0,1,0,0.02903230900028575,0.02903230900028575,3.643828725996319,11,0,0,0,1,1,,
medium_zeros_to_halfmax,OMPL_RRTCONNECT,6000,2.0,1,0,0.029291409000506974,0.029291409000506974,3.804984449968863,12,0,0,0,1,1,,
medium_zeros_to_halfmax,OMPL_RRTCONNECT,7000,2.0,1,0,0.03381116699983977,0.03381116699983977,3.7353743180172665,11,0,0,0,1,1,,
medium_zeros_to_halfmax,OMPL_RRTCONNECT,8000,2.0,1,0,0.026826729999811505,0.026826729999811505,3.7648452040198626,11,0,0,0,1,1,,
medium_zeros_to_halfmax,OMPL_RRTCONNECT,9000,2.0,1,0,0.0494145849997949,0.0494145849997949,3.875054805710653,12,0,0,0,1,1,,
medium_zeros_to_halfmax,OMPL_RRTCONNECT,10000,2.0,1,0,0.06597146999956749,0.06597146999956749,4.4098517757593205,14,0,0,0,1,1,,
medium_zeros_to_halfmax,OMPL_RRTCONNECT,11000,2.0,1,0,0.10613838999961445,0.10613838999961445,4.24977081180007,12,0,0,0,1,1,,
medium_zeros_to_halfmax,OMPL_RRTCONNECT,12000,2.0,1,0,0.02870463999988715,0.02870463999988715,3.588227582558067,11,0,0,0,1,1,,
medium_zeros_to_halfmax,OMPL_RRTCONNECT,13000,2.0,1,0,0.026331734000450524,0.026331734000450524,3.754146595028314,11,0,0,0,1,1,,
medium_zeros_to_halfmax,OMPL_RRTCONNECT,14000,2.0,1,0,0.0344878060004703,0.0344878060004703,4.03962213387829,12,0,0,0,1,1,,
medium_zeros_to_halfmax,OMPL_RRTCONNECT,15000,2.0,1,0,0.024380693000239262,0.024380693000239262,3.6057797236129217,10,0,0,0,1,1,,
medium_zeros_to_halfmax,OMPL_RRTCONNECT,16000,2.0,1,0,0.028530820999549178,0.028530820999549178,3.788164224478055,11,0,0,0,1,1,,
medium_zeros_to_halfmax,OMPL_RRTCONNECT,17000,2.0,1,0,0.1191913080001541,0.1191913080001541,4.588146034217641,14,0,0,0,1,1,,
medium_zeros_to_halfmax,OMPL_RRTCONNECT,18000,2.0,1,0,0.028555810999932874,0.028555810999932874,3.9291061271483914,12,0,0,0,1,1,,
medium_zeros_to_halfmax,OMPL_RRTCONNECT,19000,2.0,1,0,0.024720950999835622,0.024720950999835622,3.5620260470903573,10,0,0,0,1,1,,
medium_zeros_to_halfmax,OMPL_RRTCONNECT,20000,2.0,1,0,0.02708550299939816,0.02708550299939816,3.8214959202981764,11,0,0,0,1,1,,
medium_mid_to_extreme,AEB_RRTSTAR_FAITHFUL,1000,0.5,1,0,0.02117679799994221,0.02117679799994221,2.1281463516743693,4,4,3,8,1,1,,
medium_mid_to_extreme,AEB_RRTSTAR_FAITHFUL,2000,0.5,1,0,0.022627115999966918,0.022627115999966918,2.1281463516743693,4,4,3,8,1,1,,
medium_mid_to_extreme,AEB_RRTSTAR_FAITHFUL,3000,0.5,1,0,0.02748381400033395,0.02748381400033395,2.1281463516743693,4,4,3,8,1,1,,
medium_mid_to_extreme,AEB_RRTSTAR_FAITHFUL,4000,0.5,1,0,0.029494125000383065,0.029494125000383065,2.1281463516743693,4,4,3,8,1,1,,
medium_mid_to_extreme,AEB_RRTSTAR_FAITHFUL,5000,0.5,1,0,0.02094849900004192,0.02094849900004192,2.1281463516743693,4,4,3,8,1,1,,
medium_mid_to_extreme,AEB_RRTSTAR_FAITHFUL,6000,0.5,1,0,0.020370731999719283,0.020370731999719283,2.1281463516743693,4,4,3,8,1,1,,
medium_mid_to_extreme,AEB_RRTSTAR_FAITHFUL,7000,0.5,1,0,0.03682177500013495,0.03682177500013495,2.2513664388212478,4,4,4,10,1,1,,
medium_mid_to_extreme,AEB_RRTSTAR_FAITHFUL,8000,0.5,1,0,0.020770738000464917,0.020770738000464917,2.1281463516743693,4,4,3,8,1,1,,
medium_mid_to_extreme,AEB_RRTSTAR_FAITHFUL,9000,0.5,1,0,0.039457986000343226,0.039457986000343226,2.6712445709170507,3,4,4,9,1,1,,
medium_mid_to_extreme,AEB_RRTSTAR_FAITHFUL,10000,0.5,1,0,0.02057499900001858,0.02057499900001858,2.1281463516743693,4,4,3,8,1,1,,
medium_mid_to_extreme,AEB_RRTSTAR_FAITHFUL,11000,0.5,1,0,0.028339027000583883,0.028339027000583883,2.1364442673190314,4,5,4,11,1,1,,
medium_mid_to_extreme,AEB_RRTSTAR_FAITHFUL,12000,0.5,1,0,0.032796827999845846,0.032796827999845846,2.1281463516743693,4,4,3,8,1,1,,
medium_mid_to_extreme,AEB_RRTSTAR_FAITHFUL,13000,0.5,1,0,0.021538707000217983,0.021538707000217983,2.1281463516743693,4,4,3,8,1,1,,
medium_mid_to_extreme,AEB_RRTSTAR_FAITHFUL,14000,0.5,1,0,0.02704820200051472,0.02704820200051472,2.1281463516743693,4,4,3,8,1,1,,
medium_mid_to_extreme,AEB_RRTSTAR_FAITHFUL,15000,0.5,1,0,0.0198548150001443,0.0198548150001443,2.1281463516743693,4,4,3,8,1,1,,
medium_mid_to_extreme,AEB_RRTSTAR_FAITHFUL,16000,0.5,1,0,0.03955057199982548,0.03955057199982548,2.0059796858222514,4,4,4,10,1,1,,
medium_mid_to_extreme,AEB_RRTSTAR_FAITHFUL,17000,0.5,1,0,0.021922464000454056,0.021922464000454056,2.1281463516743693,4,4,3,8,1,1,,
medium_mid_to_extreme,AEB_RRTSTAR_FAITHFUL,18000,0.5,1,0,0.02196694100075547,0.02196694100075547,2.1281463516743693,4,4,3,8,1,1,,
medium_mid_to_extreme,AEB_RRTSTAR_FAITHFUL,19000,0.5,1,0,0.022068045000196435,0.022068045000196435,2.1281463516743693,4,4,3,8,1,1,,
medium_mid_to_extreme,AEB_RRTSTAR_FAITHFUL,20000,0.5,1,0,0.025132962000498082,0.025132962000498082,2.5813795187502993,3,4,4,9,1,1,,
medium_mid_to_extreme,AEB_RRTSTAR_FAITHFUL,1000,1.0,1,0,0.020882994999738003,0.020882994999738003,2.1281463516743693,4,4,3,8,1,1,,
medium_mid_to_extreme,AEB_RRTSTAR_FAITHFUL,2000,1.0,1,0,0.02071916600016266,0.02071916600016266,2.1281463516743693,4,4,3,8,1,1,,
medium_mid_to_extreme,AEB_RRTSTAR_FAITHFUL,3000,1.0,1,0,0.02042462000008527,0.02042462000008527,2.1281463516743693,4,4,3,8,1,1,,
medium_mid_to_extreme,AEB_RRTSTAR_FAITHFUL,4000,1.0,1,0,0.022367380000105186,0.022367380000105186,2.1281463516743693,4,4,3,8,1,1,,
medium_mid_to_extreme,AEB_RRTSTAR_FAITHFUL,5000,1.0,1,0,0.020743512000080955,0.020743512000080955,2.1281463516743693,4,4,3,8,1,1,,
medium_mid_to_extreme,AEB_RRTSTAR_FAITHFUL,6000,1.0,1,0,0.02208683599928918,0.02208683599928918,2.1281463516743693,4,4,3,8,1,1,,
medium_mid_to_extreme,AEB_RRTSTAR_FAITHFUL,7000,1.0,1,0,0.026095539000380086,0.026095539000380086,2.2513664388212478,4,4,4,10,1,1,,
medium_mid_to_extreme,AEB_RRTSTAR_FAITHFUL,8000,1.0,1,0,0.020919988000059675,0.020919988000059675,2.1281463516743693,4,4,3,8,1,1,,
medium_mid_to_extreme,AEB_RRTSTAR_FAITHFUL,9000,1.0,1,0,0.023377464000077453,0.023377464000077453,2.6712445709170507,3,4,4,9,1,1,,
medium_mid_to_extreme,AEB_RRTSTAR_FAITHFUL,10000,1.0,1,0,0.0219128089993319,0.0219128089993319,2.1281463516743693,4,4,3,8,1,1,,
medium_mid_to_extreme,AEB_RRTSTAR_FAITHFUL,11000,1.0,1,0,0.028350628999760374,0.028350628999760374,2.1364442673190314,4,5,4,11,1,1,,
medium_mid_to_extreme,AEB_RRTSTAR_FAITHFUL,12000,1.0,1,0,0.02120030699916242,0.02120030699916242,2.1281463516743693,4,4,3,8,1,1,,
medium_mid_to_extreme,AEB_RRTSTAR_FAITHFUL,13000,1.0,1,0,0.02074689799974294,0.02074689799974294,2.1281463516743693,4,4,3,8,1,1,,
medium_mid_to_extreme,AEB_RRTSTAR_FAITHFUL,14000,1.0,1,0,0.029811828999299905,0.029811828999299905,2.1281463516743693,4,4,3,8,1,1,,
medium_mid_to_extreme,AEB_RRTSTAR_FAITHFUL,15000,1.0,1,0,0.021741475000453647,0.021741475000453647,2.1281463516743693,4,4,3,8,1,1,,
medium_mid_to_extreme,AEB_RRTSTAR_FAITHFUL,16000,1.0,1,0,0.02644079000037891,0.02644079000037891,2.0059796858222514,4,4,4,10,1,1,,
medium_mid_to_extreme,AEB_RRTSTAR_FAITHFUL,17000,1.0,1,0,0.022905462000380794,0.022905462000380794,2.1281463516743693,4,4,3,8,1,1,,
medium_mid_to_extreme,AEB_RRTSTAR_FAITHFUL,18000,1.0,1,0,0.021045454999693902,0.021045454999693902,2.1281463516743693,4,4,3,8,1,1,,
medium_mid_to_extreme,AEB_RRTSTAR_FAITHFUL,19000,1.0,1,0,0.02433726100025524,0.02433726100025524,2.1281463516743693,4,4,3,8,1,1,,
medium_mid_to_extreme,AEB_RRTSTAR_FAITHFUL,20000,1.0,1,0,0.02479119199961133,0.02479119199961133,2.5813795187502993,3,4,4,9,1,1,,
medium_mid_to_extreme,AEB_RRTSTAR_FAITHFUL,1000,2.0,1,0,0.028152875999694515,0.028152875999694515,2.1281463516743693,4,4,3,8,1,1,,
medium_mid_to_extreme,AEB_RRTSTAR_FAITHFUL,2000,2.0,1,0,0.02130893699995795,0.02130893699995795,2.1281463516743693,4,4,3,8,1,1,,
medium_mid_to_extreme,AEB_RRTSTAR_FAITHFUL,3000,2.0,1,0,0.02061985500040464,0.02061985500040464,2.1281463516743693,4,4,3,8,1,1,,
medium_mid_to_extreme,AEB_RRTSTAR_FAITHFUL,4000,2.0,1,0,0.020951471000444144,0.020951471000444144,2.1281463516743693,4,4,3,8,1,1,,
medium_mid_to_extreme,AEB_RRTSTAR_FAITHFUL,5000,2.0,1,0,0.02027200999964407,0.02027200999964407,2.1281463516743693,4,4,3,8,1,1,,
medium_mid_to_extreme,AEB_RRTSTAR_FAITHFUL,6000,2.0,1,0,0.02078447599978972,0.02078447599978972,2.1281463516743693,4,4,3,8,1,1,,
medium_mid_to_extreme,AEB_RRTSTAR_FAITHFUL,7000,2.0,1,0,0.02542758999970829,0.02542758999970829,2.2513664388212478,4,4,4,10,1,1,,
medium_mid_to_extreme,AEB_RRTSTAR_FAITHFUL,8000,2.0,1,0,0.03542964900043444,0.03542964900043444,2.1281463516743693,4,4,3,8,1,1,,
medium_mid_to_extreme,AEB_RRTSTAR_FAITHFUL,9000,2.0,1,0,0.02365483899939136,0.02365483899939136,2.6712445709170507,3,4,4,9,1,1,,
medium_mid_to_extreme,AEB_RRTSTAR_FAITHFUL,10000,2.0,1,0,0.021511300999918603,0.021511300999918603,2.1281463516743693,4,4,3,8,1,1,,
medium_mid_to_extreme,AEB_RRTSTAR_FAITHFUL,11000,2.0,1,0,0.029966463000164367,0.029966463000164367,2.1364442673190314,4,5,4,11,1,1,,
medium_mid_to_extreme,AEB_RRTSTAR_FAITHFUL,12000,2.0,1,0,0.022081305999563483,0.022081305999563483,2.1281463516743693,4,4,3,8,1,1,,
medium_mid_to_extreme,AEB_RRTSTAR_FAITHFUL,13000,2.0,1,0,0.02160793300026853,0.02160793300026853,2.1281463516743693,4,4,3,8,1,1,,
medium_mid_to_extreme,AEB_RRTSTAR_FAITHFUL,14000,2.0,1,0,0.021032397000453784,0.021032397000453784,2.1281463516743693,4,4,3,8,1,1,,
medium_mid_to_extreme,AEB_RRTSTAR_FAITHFUL,15000,2.0,1,0,0.020304355999542167,0.020304355999542167,2.1281463516743693,4,4,3,8,1,1,,
medium_mid_to_extreme,AEB_RRTSTAR_FAITHFUL,16000,2.0,1,0,0.043470184999932826,0.043470184999932826,2.0059796858222514,4,4,4,10,1,1,,
medium_mid_to_extreme,AEB_RRTSTAR_FAITHFUL,17000,2.0,1,0,0.024370832000386145,0.024370832000386145,2.1281463516743693,4,4,3,8,1,1,,
medium_mid_to_extreme,AEB_RRTSTAR_FAITHFUL,18000,2.0,1,0,0.02006605499991565,0.02006605499991565,2.1281463516743693,4,4,3,8,1,1,,
medium_mid_to_extreme,AEB_RRTSTAR_FAITHFUL,19000,2.0,1,0,0.021282224000060523,0.021282224000060523,2.1281463516743693,4,4,3,8,1,1,,
medium_mid_to_extreme,AEB_RRTSTAR_FAITHFUL,20000,2.0,1,0,0.02346853499966528,0.02346853499966528,2.5813795187502993,3,4,4,9,1,1,,
medium_mid_to_extreme,OMPL_RRTSTAR,1000,0.5,1,0,0.5004738739999084,0.5004738739999084,5.799201594923983,19,0,0,0,1,1,,
medium_mid_to_extreme,OMPL_RRTSTAR,2000,0.5,1,0,0.5008362870003111,0.5008362870003111,5.2980604028174865,17,0,0,0,1,1,,
medium_mid_to_extreme,OMPL_RRTSTAR,3000,0.5,1,1,0.5021821000000273,0.5021821000000273,5.356337936807351,18,0,0,0,1,1,,
medium_mid_to_extreme,OMPL_RRTSTAR,4000,0.5,1,0,0.5009450689994992,0.5009450689994992,4.929825157833582,17,0,0,0,1,1,,
medium_mid_to_extreme,OMPL_RRTSTAR,5000,0.5,1,1,0.5025055000005523,0.5025055000005523,5.253322693867621,17,0,0,0,1,1,,
medium_mid_to_extreme,OMPL_RRTSTAR,6000,0.5,1,0,0.500256110999544,0.500256110999544,5.133124826170453,17,0,0,0,1,1,,
medium_mid_to_extreme,OMPL_RRTSTAR,7000,0.5,1,0,0.5022566570005438,0.5022566570005438,5.127128338282057,17,0,0,0,1,1,,
medium_mid_to_extreme,OMPL_RRTSTAR,8000,0.5,1,0,0.5001634709997234,0.5001634709997234,5.026854700870456,17,0,0,0,1,1,,
medium_mid_to_extreme,OMPL_RRTSTAR,9000,0.5,1,0,0.5023888269997769,0.5023888269997769,4.851376626777738,16,0,0,0,1,1,,
medium_mid_to_extreme,OMPL_RRTSTAR,10000,0.5,1,0,0.5012693560001935,0.5012693560001935,4.531432215729111,16,0,0,0,1,1,,
medium_mid_to_extreme,OMPL_RRTSTAR,11000,0.5,1,0,0.5020197339999868,0.5020197339999868,6.682220913172554,23,0,0,0,1,1,,
medium_mid_to_extreme,OMPL_RRTSTAR,12000,0.5,1,1,0.5017922050001289,0.5017922050001289,4.0684378115202495,14,0,0,0,1,1,,
medium_mid_to_extreme,OMPL_RRTSTAR,13000,0.5,1,0,0.5006515799996123,0.5006515799996123,6.515377104181647,20,0,0,0,1,1,,
medium_mid_to_extreme,OMPL_RRTSTAR,14000,0.5,1,0,0.5000738120006645,0.5000738120006645,4.845408680048271,17,0,0,0,1,1,,
medium_mid_to_extreme,OMPL_RRTSTAR,15000,0.5,1,0,0.5014929589997337,0.5014929589997337,4.877375022454498,17,0,0,0,1,1,,
medium_mid_to_extreme,OMPL_RRTSTAR,16000,0.5,1,0,0.5001904640002977,0.5001904640002977,4.490999866249682,15,0,0,0,1,1,,
medium_mid_to_extreme,OMPL_RRTSTAR,17000,0.5,1,1,0.500653429000522,0.500653429000522,6.203877592944904,20,0,0,0,1,1,,
medium_mid_to_extreme,OMPL_RRTSTAR,18000,0.5,1,0,0.5021099879995745,0.5021099879995745,4.465770611129969,15,0,0,0,1,1,,
medium_mid_to_extreme,OMPL_RRTSTAR,19000,0.5,1,0,0.5007704680001552,0.5007704680001552,7.451583553980866,23,0,0,0,1,1,,
medium_mid_to_extreme,OMPL_RRTSTAR,20000,0.5,1,1,0.5006100529999458,0.5006100529999458,4.684464981540716,16,0,0,0,1,1,,
medium_mid_to_extreme,OMPL_RRTSTAR,1000,1.0,1,0,1.0020720920001622,1.0020720920001622,6.155637471836707,19,0,0,0,1,1,,
medium_mid_to_extreme,OMPL_RRTSTAR,2000,1.0,1,0,1.0003568070005713,1.0003568070005713,5.330421145621562,18,0,0,0,1,1,,
medium_mid_to_extreme,OMPL_RRTSTAR,3000,1.0,1,0,1.002203525999903,1.002203525999903,5.414855934670144,18,0,0,0,1,1,,
medium_mid_to_extreme,OMPL_RRTSTAR,4000,1.0,1,0,1.0003498859996398,1.0003498859996398,4.345136613389339,15,0,0,0,1,1,,
medium_mid_to_extreme,OMPL_RRTSTAR,5000,1.0,1,0,1.0011244150000493,1.0011244150000493,4.13685998131249,14,0,0,0,1,1,,
medium_mid_to_extreme,OMPL_RRTSTAR,6000,1.0,1,0,1.0003964590005126,1.0003964590005126,6.341556729573171,21,0,0,0,1,1,,
medium_mid_to_extreme,OMPL_RRTSTAR,7000,1.0,1,0,1.0011043480008084,1.0011043480008084,5.546534362568026,19,0,0,0,1,1,,
medium_mid_to_extreme,OMPL_RRTSTAR,8000,1.0,1,0,1.0021496170002138,1.0021496170002138,4.029236037355782,14,0,0,0,1,1,,
medium_mid_to_extreme,OMPL_RRTSTAR,9000,1.0,1,0,1.0015844680001464,1.0015844680001464,4.742239548815946,16,0,0,0,1,1,,
medium_mid_to_extreme,OMPL_RRTSTAR,10000,1.0,1,0,1.0013561360001404,1.0013561360001404,5.830579699128918,19,0,0,0,1,1,,
medium_mid_to_extreme,OMPL_RRTSTAR,11000,1.0,1,0,1.0013780310000584,1.0013780310000584,7.557958054638141,24,0,0,0,1,1,,
medium_mid_to_extreme,OMPL_RRTSTAR,12000,1.0,1,0,1.000550122000277,1.000550122000277,5.661530222980801,19,0,0,0,1,1,,
medium_mid_to_extreme,OMPL_RRTSTAR,13000,1.0,1,0,1.0009048929996425,1.0009048929996425,5.15618307235995,17,0,0,0,1,1,,
medium_mid_to_extreme,OMPL_RRTSTAR,14000,1.0,1,0,1.0011965200001214,1.0011965200001214,5.7308810774106425,19,0,0,0,1,1,,
medium_mid_to_extreme,OMPL_RRTSTAR,15000,1.0,1,0,1.0003509969992592,1.0003509969992592,6.136634082863569,20,0,0,0,1,1,,
medium_mid_to_extreme,OMPL_RRTSTAR,16000,1.0,1,0,1.0014479420005955,1.0014479420005955,5.5521091620739345,18,0,0,0,1,1,,
medium_mid_to_extreme,OMPL_RRTSTAR,17000,1.0,1,0,1.0005403639997894,1.0005403639997894,4.32238617174103,14,0,0,0,1,1,,
medium_mid_to_extreme,OMPL_RRTSTAR,18000,1.0,1,0,1.0021937209994576,1.0021937209994576,4.619144759538796,16,0,0,0,1,1,,
medium_mid_to_extreme,OMPL_RRTSTAR,19000,1.0,1,0,1.0019735550004043,1.0019735550004043,4.979551951635261,17,0,0,0,1,1,,
medium_mid_to_extreme,OMPL_RRTSTAR,20000,1.0,1,0,1.0013662390001628,1.0013662390001628,4.362872032250635,15,0,0,0,1,1,,
medium_mid_to_extreme,OMPL_RRTSTAR,1000,2.0,1,0,2.0021313229999578,2.0021313229999578,6.188589782736483,19,0,0,0,1,1,,
medium_mid_to_extreme,OMPL_RRTSTAR,2000,2.0,1,0,2.001440510000066,2.001440510000066,6.302648709650789,20,0,0,0,1,1,,
medium_mid_to_extreme,OMPL_RRTSTAR,3000,2.0,1,0,2.001244899000085,2.001244899000085,5.398594111139993,18,0,0,0,1,1,,
medium_mid_to_extreme,OMPL_RRTSTAR,4000,2.0,1,0,2.001686451000751,2.001686451000751,4.760450957851827,16,0,0,0,1,1,,
medium_mid_to_extreme,OMPL_RRTSTAR,5000,2.0,1,0,2.0025331790002383,2.0025331790002383,6.672575884273521,22,0,0,0,1,1,,
medium_mid_to_extreme,OMPL_RRTSTAR,6000,2.0,1,0,2.0021765349993075,2.0021765349993075,7.492868853530146,24,0,0,0,1,1,,
medium_mid_to_extreme,OMPL_RRTSTAR,7000,2.0,1,0,2.0020366300004753,2.0020366300004753,6.049844558839608,20,0,0,0,1,1,,
medium_mid_to_extreme,OMPL_RRTSTAR,8000,2.0,1,0,2.0006132239996077,2.0006132239996077,5.021731607664808,17,0,0,0,1,1,,
medium_mid_to_extreme,OMPL_RRTSTAR,9000,2.0,1,0,2.0007001310004853,2.0007001310004853,5.9483878754184065,20,0,0,0,1,1,,
medium_mid_to_extreme,OMPL_RRTSTAR,10000,2.0,1,0,2.001279021999835,2.001279021999835,5.3992286239710126,18,0,0,0,1,1,,
medium_mid_to_extreme,OMPL_RRTSTAR,11000,2.0,1,0,2.0018672450005397,2.0018672450005397,5.061403633749021,17,0,0,0,1,1,,
medium_mid_to_extreme,OMPL_RRTSTAR,12000,2.0,1,0,2.002189142000134,2.002189142000134,5.124163165701726,17,0,0,0,1,1,,
medium_mid_to_extreme,OMPL_RRTSTAR,13000,2.0,1,0,2.001346359999843,2.001346359999843,4.080949156815922,14,0,0,0,1,1,,
medium_mid_to_extreme,OMPL_RRTSTAR,14000,2.0,1,0,2.0022878740001033,2.0022878740001033,4.5783164495296385,15,0,0,0,1,1,,
medium_mid_to_extreme,OMPL_RRTSTAR,15000,2.0,1,0,2.0001074289993994,2.0001074289993994,4.865550095918612,17,0,0,0,1,1,,
medium_mid_to_extreme,OMPL_RRTSTAR,16000,2.0,1,0,2.002575331999651,2.002575331999651,5.42398588868222,18,0,0,0,1,1,,
medium_mid_to_extreme,OMPL_RRTSTAR,17000,2.0,1,0,2.00181048200011,2.00181048200011,4.675984505664456,16,0,0,0,1,1,,
medium_mid_to_extreme,OMPL_RRTSTAR,18000,2.0,1,0,2.0024764600002527,2.0024764600002527,5.605977543478442,19,0,0,0,1,1,,
medium_mid_to_extreme,OMPL_RRTSTAR,19000,2.0,1,0,2.0010198879999734,2.0010198879999734,5.773122836368525,20,0,0,0,1,1,,
medium_mid_to_extreme,OMPL_RRTSTAR,20000,2.0,1,0,2.0004650519995266,2.0004650519995266,5.98742394105528,20,0,0,0,1,1,,
medium_mid_to_extreme,OMPL_RRTCONNECT,1000,0.5,1,0,0.03174323599978379,0.03174323599978379,3.7591517573680973,13,0,0,0,1,1,,
medium_mid_to_extreme,OMPL_RRTCONNECT,2000,0.5,1,0,0.03246131499963667,0.03246131499963667,3.605856996193058,13,0,0,0,1,1,,
medium_mid_to_extreme,OMPL_RRTCONNECT,3000,0.5,1,0,0.03389859499930026,0.03389859499930026,3.600489398701312,13,0,0,0,1,1,,
medium_mid_to_extreme,OMPL_RRTCONNECT,4000,0.5,1,0,0.0347364799999923,0.0347364799999923,3.680022193666818,13,0,0,0,1,1,,
medium_mid_to_extreme,OMPL_RRTCONNECT,5000,0.5,1,0,0.035348665000128676,0.035348665000128676,3.56379986110667,13,0,0,0,1,1,,
medium_mid_to_extreme,OMPL_RRTCONNECT,6000,0.5,1,0,0.04757626800073922,0.04757626800073922,3.768662922443159,13,0,0,0,1,1,,
medium_mid_to_extreme,OMPL_RRTCONNECT,7000,0.5,1,0,0.03223720799996954,0.03223720799996954,3.565264995623718,13,0,0,0,1,1,,
medium_mid_to_extreme,OMPL_RRTCONNECT,8000,0.5,1,0,0.035015311999814,0.035015311999814,3.867567270653039,14,0,0,0,1,1,,
medium_mid_to_extreme,OMPL_RRTCONNECT,9000,0.5,1,0,0.032150412000191864,0.032150412000191864,3.725787584968745,13,0,0,0,1,1,,
medium_mid_to_extreme,OMPL_RRTCONNECT,10000,0.5,1,0,0.04756844799976534,0.04756844799976534,3.7941246949567224,13,0,0,0,1,1,,
medium_mid_to_extreme,OMPL_RRTCONNECT,11000,0.5,1,0,0.03326162900066265,0.03326162900066265,3.51591303122202,13,0,0,0,1,1,,
medium_mid_to_extreme,OMPL_RRTCONNECT,12000,0.5,1,0,0.03188191899971571,0.03188191899971571,3.708715109429474,13,0,0,0,1,1,,
medium_mid_to_extreme,OMPL_RRTCONNECT,13000,0.5,1,0,0.04633747699972446,0.04633747699972446,3.6406854726125637,13,0,0,0,1,1,,
medium_mid_to_extreme,OMPL_RRTCONNECT,14000,0.5,1,0,0.03257615399979841,0.03257615399979841,3.6493203625295827,13,0,0,0,1,1,,
medium_mid_to_extreme,OMPL_RRTCONNECT,15000,0.5,1,0,0.03126898900063679,0.03126898900063679,3.771833454790701,13,0,0,0,1,1,,
medium_mid_to_extreme,OMPL_RRTCONNECT,16000,0.5,1,0,0.033778472000449256,0.033778472000449256,3.6922850729993733,13,0,0,0,1,1,,
medium_mid_to_extreme,OMPL_RRTCONNECT,17000,0.5,1,0,0.03146853199996258,0.03146853199996258,3.463665328407857,12,0,0,0,1,1,,
medium_mid_to_extreme,OMPL_RRTCONNECT,18000,0.5,1,0,0.03474791799999366,0.03474791799999366,3.6646588851447612,13,0,0,0,1,1,,
medium_mid_to_extreme,OMPL_RRTCONNECT,19000,0.5,1,0,0.04058666700075264,0.04058666700075264,3.697128336180246,13,0,0,0,1,1,,
medium_mid_to_extreme,OMPL_RRTCONNECT,20000,0.5,1,0,0.03516958700038231,0.03516958700038231,3.7887496607623237,14,0,0,0,1,1,,
medium_mid_to_extreme,OMPL_RRTCONNECT,1000,1.0,1,0,0.03518629000063811,0.03518629000063811,3.824995907460624,14,0,0,0,1,1,,
medium_mid_to_extreme,OMPL_RRTCONNECT,2000,1.0,1,0,0.029901347999839345,0.029901347999839345,3.4189626939726385,12,0,0,0,1,1,,
medium_mid_to_extreme,OMPL_RRTCONNECT,3000,1.0,1,0,0.031491032000303676,0.031491032000303676,3.759003263249909,13,0,0,0,1,1,,
medium_mid_to_extreme,OMPL_RRTCONNECT,4000,1.0,1,0,0.04219656700024643,0.04219656700024643,3.7020859689403065,13,0,0,0,1,1,,
medium_mid_to_extreme,OMPL_RRTCONNECT,5000,1.0,1,0,0.031634320999728516,0.031634320999728516,3.7391175384609334,13,0,0,0,1,1,,
medium_mid_to_extreme,OMPL_RRTCONNECT,6000,1.0,1,0,0.033527990999573376,0.033527990999573376,3.72423147064168,13,0,0,0,1,1,,
medium_mid_to_extreme,OMPL_RRTCONNECT,7000,1.0,1,0,0.034659982999983185,0.034659982999983185,3.600391801553924,13,0,0,0,1,1,,
medium_mid_to_extreme,OMPL_RRTCONNECT,8000,1.0,1,0,0.034063147999404464,0.034063147999404464,3.7080279576096338,13,0,0,0,1,1,,
medium_mid_to_extreme,OMPL_RRTCONNECT,9000,1.0,1,0,0.03177949800010538,0.03177949800010538,3.7249140841903183,13,0,0,0,1,1,,
medium_mid_to_extreme,OMPL_RRTCONNECT,10000,1.0,1,0,0.03399038199950155,0.03399038199950155,3.7213674728799835,13,0,0,0,1,1,,
medium_mid_to_extreme,OMPL_RRTCONNECT,11000,1.0,1,0,0.033233715999813285,0.033233715999813285,3.6812344717932186,13,0,0,0,1,1,,
medium_mid_to_extreme,OMPL_RRTCONNECT,12000,1.0,1,0,0.03331956599959085,0.03331956599959085,3.6297030061931066,13,0,0,0,1,1,,
medium_mid_to_extreme,OMPL_RRTCONNECT,13000,1.0,1,0,0.03133691600032762,0.03133691600032762,3.7613208786926577,13,0,0,0,1,1,,
medium_mid_to_extreme,OMPL_RRTCONNECT,14000,1.0,1,0,0.03320059899942862,0.03320059899942862,3.619132402453067,13,0,0,0,1,1,,
medium_mid_to_extreme,OMPL_RRTCONNECT,15000,1.0,1,0,0.033037735000107205,0.033037735000107205,3.6083150542148,13,0,0,0,1,1,,
medium_mid_to_extreme,OMPL_RRTCONNECT,16000,1.0,1,0,0.03477750999991258,0.03477750999991258,3.7386998272711316,13,0,0,0,1,1,,
medium_mid_to_extreme,OMPL_RRTCONNECT,17000,1.0,1,0,0.03885740699934104,0.03885740699934104,3.7844185133147388,14,0,0,0,1,1,,
medium_mid_to_extreme,OMPL_RRTCONNECT,18000,1.0,1,0,0.03400443800001085,0.03400443800001085,3.5051059867388026,13,0,0,0,1,1,,
medium_mid_to_extreme,OMPL_RRTCONNECT,19000,1.0,1,0,0.032685037000192096,0.032685037000192096,3.60511931186884,13,0,0,0,1,1,,
medium_mid_to_extreme,OMPL_RRTCONNECT,20000,1.0,1,0,0.03163332500025717,0.03163332500025717,3.65174927959149,13,0,0,0,1,1,,
medium_mid_to_extreme,OMPL_RRTCONNECT,1000,2.0,1,0,0.039139807000537985,0.039139807000537985,3.7556347577380524,13,0,0,0,1,1,,
medium_mid_to_extreme,OMPL_RRTCONNECT,2000,2.0,1,0,0.03240291400015849,0.03240291400015849,3.679924827235507,13,0,0,0,1,1,,
medium_mid_to_extreme,OMPL_RRTCONNECT,3000,2.0,1,0,0.03414191699994262,0.03414191699994262,3.811747202642014,14,0,0,0,1,1,,
medium_mid_to_extreme,OMPL_RRTCONNECT,4000,2.0,1,0,0.031124657999498595,0.031124657999498595,3.7338341530937766,13,0,0,0,1,1,,
medium_mid_to_extreme,OMPL_RRTCONNECT,5000,2.0,1,0,0.03287990199987689,0.03287990199987689,3.7514851400760367,13,0,0,0,1,1,,
medium_mid_to_extreme,OMPL_RRTCONNECT,6000,2.0,1,0,0.035223898000367626,0.035223898000367626,3.57239889191348,13,0,0,0,1,1,,
medium_mid_to_extreme,OMPL_RRTCONNECT,7000,2.0,1,0,0.03445016399928136,0.03445016399928136,3.8097270044851133,14,0,0,0,1,1,,
medium_mid_to_extreme,OMPL_RRTCONNECT,8000,2.0,1,0,0.03306890099975135,0.03306890099975135,3.7227555235856795,13,0,0,0,1,1,,
medium_mid_to_extreme,OMPL_RRTCONNECT,9000,2.0,1,0,0.044301853999968444,0.044301853999968444,3.5318676445854074,13,0,0,0,1,1,,
medium_mid_to_extreme,OMPL_RRTCONNECT,10000,2.0,1,0,0.03184962799969071,0.03184962799969071,3.6093160418558807,13,0,0,0,1,1,,
medium_mid_to_extreme,OMPL_RRTCONNECT,11000,2.0,1,0,0.038314044000799186,0.038314044000799186,3.9533291584641606,14,0,0,0,1,1,,
medium_mid_to_extreme,OMPL_RRTCONNECT,12000,2.0,1,0,0.03534411399959936,0.03534411399959936,3.8800165299087537,14,0,0,0,1,1,,
medium_mid_to_extreme,OMPL_RRTCONNECT,13000,2.0,1,0,0.03520494199983659,0.03520494199983659,3.7975484658109755,14,0,0,0,1,1,,
medium_mid_to_extreme,OMPL_RRTCONNECT,14000,2.0,1,0,0.051129014999787614,0.051129014999787614,3.5506351652901396,13,0,0,0,1,1,,
medium_mid_to_extreme,OMPL_RRTCONNECT,15000,2.0,1,0,0.03458559699993202,0.03458559699993202,3.703156292270878,13,0,0,0,1,1,,
medium_mid_to_extreme,OMPL_RRTCONNECT,16000,2.0,1,0,0.03211802900023031,0.03211802900023031,3.660812006229854,13,0,0,0,1,1,,
medium_mid_to_extreme,OMPL_RRTCONNECT,17000,2.0,1,0,0.034144254000239016,0.034144254000239016,3.635609479295122,13,0,0,0,1,1,,
medium_mid_to_extreme,OMPL_RRTCONNECT,18000,2.0,1,0,0.03490349700041406,0.03490349700041406,3.649329684707393,13,0,0,0,1,1,,
medium_mid_to_extreme,OMPL_RRTCONNECT,19000,2.0,1,0,0.03588631499951589,0.03588631499951589,3.687635231299015,13,0,0,0,1,1,,
medium_mid_to_extreme,OMPL_RRTCONNECT,20000,2.0,1,0,0.03638158899957489,0.03638158899957489,3.8313473403664284,14,0,0,0,1,1,,
hard_extreme_to_extreme,AEB_RRTSTAR_FAITHFUL,1000,0.5,1,0,0.037484597000002395,0.037484597000002395,4.606071300993054,7,6,6,15,1,1,,
hard_extreme_to_extreme,AEB_RRTSTAR_FAITHFUL,2000,0.5,1,0,0.036434546999771555,0.036434546999771555,4.606071300993054,7,6,6,14,1,1,,
hard_extreme_to_extreme,AEB_RRTSTAR_FAITHFUL,3000,0.5,1,0,0.0338959420005267,0.0338959420005267,4.6060713009930545,7,6,5,13,1,1,,
hard_extreme_to_extreme,AEB_RRTSTAR_FAITHFUL,4000,0.5,1,0,0.03552059600042412,0.03552059600042412,4.6060713009930545,7,6,5,13,1,1,,
hard_extreme_to_extreme,AEB_RRTSTAR_FAITHFUL,5000,0.5,1,0,0.05687066200061963,0.05687066200061963,4.6060713009930545,7,6,6,14,1,1,,
hard_extreme_to_extreme,AEB_RRTSTAR_FAITHFUL,6000,0.5,1,0,0.03592108599968924,0.03592108599968924,4.6060713009930545,7,6,5,13,1,1,,
hard_extreme_to_extreme,AEB_RRTSTAR_FAITHFUL,7000,0.5,1,0,0.03970637600014015,0.03970637600014015,4.606071300993054,7,6,6,14,1,1,,
hard_extreme_to_extreme,AEB_RRTSTAR_FAITHFUL,8000,0.5,1,0,0.03543306299980031,0.03543306299980031,4.6060713009930545,7,6,5,13,1,1,,
hard_extreme_to_extreme,AEB_RRTSTAR_FAITHFUL,9000,0.5,1,0,0.04408979100026045,0.04408979100026045,4.708054491487252,7,6,6,16,1,1,,
hard_extreme_to_extreme,AEB_RRTSTAR_FAITHFUL,10000,0.5,1,0,0.04560422899976402,0.04560422899976402,4.6060713009930545,7,7,6,17,1,1,,
hard_extreme_to_extreme,AEB_RRTSTAR_FAITHFUL,11000,0.5,1,0,0.045393421999506245,0.045393421999506245,4.662193604133474,7,7,6,17,1,1,,
hard_extreme_to_extreme,AEB_RRTSTAR_FAITHFUL,12000,0.5,1,0,0.03655679500025144,0.03655679500025144,4.6060713009930545,7,6,6,14,1,1,,
hard_extreme_to_extreme,AEB_RRTSTAR_FAITHFUL,13000,0.5,1,0,0.04363850299978367,0.04363850299978367,4.756991771218861,7,6,6,15,1,1,,
hard_extreme_to_extreme,AEB_RRTSTAR_FAITHFUL,14000,0.5,1,0,0.03750067700002546,0.03750067700002546,4.6060713009930545,7,6,5,13,1,1,,
hard_extreme_to_extreme,AEB_RRTSTAR_FAITHFUL,15000,0.5,1,0,0.03467095199994219,0.03467095199994219,4.6060713009930545,7,6,5,13,1,1,,
hard_extreme_to_extreme,AEB_RRTSTAR_FAITHFUL,16000,0.5,1,0,0.04375278200041066,0.04375278200041066,4.606071300993054,8,7,6,15,1,1,,
hard_extreme_to_extreme,AEB_RRTSTAR_FAITHFUL,17000,0.5,1,0,0.05288001200005965,0.05288001200005965,4.6060713009930545,7,6,5,13,1,1,,
hard_extreme_to_extreme,AEB_RRTSTAR_FAITHFUL,18000,0.5,1,0,0.036344298000585695,0.036344298000585695,4.6060713009930545,7,6,5,13,1,1,,
hard_extreme_to_extreme,AEB_RRTSTAR_FAITHFUL,19000,0.5,1,0,0.03503385000021808,0.03503385000021808,4.6060713009930545,7,6,5,13,1,1,,
hard_extreme_to_extreme,AEB_RRTSTAR_FAITHFUL,20000,0.5,1,0,0.04038625199973467,0.04038625199973467,4.683782629092485,7,6,6,16,1,1,,
hard_extreme_to_extreme,AEB_RRTSTAR_FAITHFUL,1000,1.0,1,0,0.039134372000262374,0.039134372000262374,4.606071300993054,7,6,6,15,1,1,,
hard_extreme_to_extreme,AEB_RRTSTAR_FAITHFUL,2000,1.0,1,0,0.05488562700065813,0.05488562700065813,4.606071300993054,7,6,6,14,1,1,,
hard_extreme_to_extreme,AEB_RRTSTAR_FAITHFUL,3000,1.0,1,0,0.03318940000008297,0.03318940000008297,4.6060713009930545,7,6,5,13,1,1,,
hard_extreme_to_extreme,AEB_RRTSTAR_FAITHFUL,4000,1.0,1,0,0.03420562600058474,0.03420562600058474,4.6060713009930545,7,6,5,13,1,1,,
hard_extreme_to_extreme,AEB_RRTSTAR_FAITHFUL,5000,1.0,1,0,0.036237222999261576,0.036237222999261576,4.6060713009930545,7,6,6,14,1,1,,
hard_extreme_to_extreme,AEB_RRTSTAR_FAITHFUL,6000,1.0,1,0,0.034221401000650076,0.034221401000650076,4.6060713009930545,7,6,5,13,1,1,,
hard_extreme_to_extreme,AEB_RRTSTAR_FAITHFUL,7000,1.0,1,0,0.05345955800021329,0.05345955800021329,4.606071300993054,7,6,6,14,1,1,,
hard_extreme_to_extreme,AEB_RRTSTAR_FAITHFUL,8000,1.0,1,0,0.03571792799994,0.03571792799994,4.6060713009930545,7,6,5,13,1,1,,
hard_extreme_to_extreme,AEB_RRTSTAR_FAITHFUL,9000,1.0,1,0,0.05161688200041681,0.05161688200041681,4.708054491487252,7,6,6,16,1,1,,
hard_extreme_to_extreme,AEB_RRTSTAR_FAITHFUL,10000,1.0,1,0,0.06267219100027432,0.06267219100027432,4.6060713009930545,7,7,6,17,1,1,,
hard_extreme_to_extreme,AEB_RRTSTAR_FAITHFUL,11000,1.0,1,0,0.04521867600033147,0.04521867600033147,4.662193604133474,7,7,6,17,1,1,,
hard_extreme_to_extreme,AEB_RRTSTAR_FAITHFUL,12000,1.0,1,0,0.036466829999881156,0.036466829999881156,4.6060713009930545,7,6,6,14,1,1,,
hard_extreme_to_extreme,AEB_RRTSTAR_FAITHFUL,13000,1.0,1,0,0.038300619999972696,0.038300619999972696,4.756991771218861,7,6,6,15,1,1,,
hard_extreme_to_extreme,AEB_RRTSTAR_FAITHFUL,14000,1.0,1,0,0.03564918800020678,0.03564918800020678,4.6060713009930545,7,6,5,13,1,1,,
hard_extreme_to_extreme,AEB_RRTSTAR_FAITHFUL,15000,1.0,1,0,0.03507136500047636,0.03507136500047636,4.6060713009930545,7,6,5,13,1,1,,
hard_extreme_to_extreme,AEB_RRTSTAR_FAITHFUL,16000,1.0,1,0,0.04217971799971565,0.04217971799971565,4.606071300993054,8,7,6,15,1,1,,
hard_extreme_to_extreme,AEB_RRTSTAR_FAITHFUL,17000,1.0,1,0,0.03270876100032183,0.03270876100032183,4.6060713009930545,7,6,5,13,1,1,,
hard_extreme_to_extreme,AEB_RRTSTAR_FAITHFUL,18000,1.0,1,0,0.045462584999768296,0.045462584999768296,4.6060713009930545,7,6,5,13,1,1,,
hard_extreme_to_extreme,AEB_RRTSTAR_FAITHFUL,19000,1.0,1,0,0.0355145210005503,0.0355145210005503,4.6060713009930545,7,6,5,13,1,1,,
hard_extreme_to_extreme,AEB_RRTSTAR_FAITHFUL,20000,1.0,1,0,0.040760691999821574,0.040760691999821574,4.683782629092485,7,6,6,16,1,1,,
hard_extreme_to_extreme,AEB_RRTSTAR_FAITHFUL,1000,2.0,1,0,0.03815934300018853,0.03815934300018853,4.606071300993054,7,6,6,15,1,1,,
hard_extreme_to_extreme,AEB_RRTSTAR_FAITHFUL,2000,2.0,1,0,0.05541714899936778,0.05541714899936778,4.606071300993054,7,6,6,14,1,1,,
hard_extreme_to_extreme,AEB_RRTSTAR_FAITHFUL,3000,2.0,1,0,0.03897274400060269,0.03897274400060269,4.6060713009930545,7,6,5,13,1,1,,
hard_extreme_to_extreme,AEB_RRTSTAR_FAITHFUL,4000,2.0,1,0,0.0375587300004554,0.0375587300004554,4.6060713009930545,7,6,5,13,1,1,,
hard_extreme_to_extreme,AEB_RRTSTAR_FAITHFUL,5000,2.0,1,0,0.035691735000000335,0.035691735000000335,4.6060713009930545,7,6,6,14,1,1,,
hard_extreme_to_extreme,AEB_RRTSTAR_FAITHFUL,6000,2.0,1,0,0.034996723999938695,0.034996723999938695,4.6060713009930545,7,6,5,13,1,1,,
hard_extreme_to_extreme,AEB_RRTSTAR_FAITHFUL,7000,2.0,1,0,0.041232101000787225,0.041232101000787225,4.606071300993054,7,6,6,14,1,1,,
hard_extreme_to_extreme,AEB_RRTSTAR_FAITHFUL,8000,2.0,1,0,0.035142335000273306,0.035142335000273306,4.6060713009930545,7,6,5,13,1,1,,
hard_extreme_to_extreme,AEB_RRTSTAR_FAITHFUL,9000,2.0,1,0,0.04595212300046114,0.04595212300046114,4.708054491487252,7,6,6,16,1,1,,
hard_extreme_to_extreme,AEB_RRTSTAR_FAITHFUL,10000,2.0,1,0,0.049514424999870243,0.049514424999870243,4.6060713009930545,7,7,6,17,1,1,,
hard_extreme_to_extreme,AEB_RRTSTAR_FAITHFUL,11000,2.0,1,0,0.045304543000384,0.045304543000384,4.662193604133474,7,7,6,17,1,1,,
hard_extreme_to_extreme,AEB_RRTSTAR_FAITHFUL,12000,2.0,1,0,0.03591771199990035,0.03591771199990035,4.6060713009930545,7,6,6,14,1,1,,
hard_extreme_to_extreme,AEB_RRTSTAR_FAITHFUL,13000,2.0,1,0,0.04459115000008751,0.04459115000008751,4.756991771218861,7,6,6,15,1,1,,
hard_extreme_to_extreme,AEB_RRTSTAR_FAITHFUL,14000,2.0,1,0,0.03401079600007506,0.03401079600007506,4.6060713009930545,7,6,5,13,1,1,,
hard_extreme_to_extreme,AEB_RRTSTAR_FAITHFUL,15000,2.0,1,0,0.03339121399949363,0.03339121399949363,4.6060713009930545,7,6,5,13,1,1,,
hard_extreme_to_extreme,AEB_RRTSTAR_FAITHFUL,16000,2.0,1,0,0.057981009000286576,0.057981009000286576,4.606071300993054,8,7,6,15,1,1,,
hard_extreme_to_extreme,AEB_RRTSTAR_FAITHFUL,17000,2.0,1,0,0.03270050100036315,0.03270050100036315,4.6060713009930545,7,6,5,13,1,1,,
hard_extreme_to_extreme,AEB_RRTSTAR_FAITHFUL,18000,2.0,1,0,0.03710028500063345,0.03710028500063345,4.6060713009930545,7,6,5,13,1,1,,
hard_extreme_to_extreme,AEB_RRTSTAR_FAITHFUL,19000,2.0,1,0,0.03296574799969676,0.03296574799969676,4.6060713009930545,7,6,5,13,1,1,,
hard_extreme_to_extreme,AEB_RRTSTAR_FAITHFUL,20000,2.0,1,0,0.04113145999963308,0.04113145999963308,4.683782629092485,7,6,6,16,1,1,,
hard_extreme_to_extreme,OMPL_RRTSTAR,1000,0.5,1,1,0.5027912149998883,0.5027912149998883,12.289769006999585,40,0,0,0,1,1,,
hard_extreme_to_extreme,OMPL_RRTSTAR,2000,0.5,1,1,0.5007715580004515,0.5007715580004515,11.306406924255194,36,0,0,0,1,1,,
hard_extreme_to_extreme,OMPL_RRTSTAR,3000,0.5,1,0,0.5011571689992707,0.5011571689992707,9.252394769831435,31,0,0,0,1,1,,
hard_extreme_to_extreme,OMPL_RRTSTAR,4000,0.5,1,0,0.5001018620005198,0.5001018620005198,9.216854427819602,30,0,0,0,1,1,,
hard_extreme_to_extreme,OMPL_RRTSTAR,5000,0.5,1,0,0.5022231829998418,0.5022231829998418,10.567438509710389,34,0,0,0,1,1,,
hard_extreme_to_extreme,OMPL_RRTSTAR,6000,0.5,1,0,0.5013077549992886,0.5013077549992886,9.376539919263239,32,0,0,0,1,1,,
hard_extreme_to_extreme,OMPL_RRTSTAR,7000,0.5,1,0,0.5005626339998344,0.5005626339998344,11.446762928187947,37,0,0,0,1,1,,
hard_extreme_to_extreme,OMPL_RRTSTAR,8000,0.5,1,0,0.5011573480005609,0.5011573480005609,11.212529116597183,36,0,0,0,1,1,,
hard_extreme_to_extreme,OMPL_RRTSTAR,9000,0.5,1,0,0.5002014960000452,0.5002014960000452,10.980322797160042,36,0,0,0,1,1,,
hard_extreme_to_extreme,OMPL_RRTSTAR,10000,0.5,1,1,0.5003724480002347,0.5003724480002347,7.2861040975256115,24,0,0,0,1,1,,
hard_extreme_to_extreme,OMPL_RRTSTAR,11000,0.5,1,0,0.5016100399998322,0.5016100399998322,9.947308103101594,33,0,0,0,1,1,,
hard_extreme_to_extreme,OMPL_RRTSTAR,12000,0.5,1,1,0.5020740230002048,0.5020740230002048,9.150040965687124,29,0,0,0,1,1,,
hard_extreme_to_extreme,OMPL_RRTSTAR,13000,0.5,1,0,0.5003822629996648,0.5003822629996648,9.605087746832984,32,0,0,0,1,1,,
hard_extreme_to_extreme,OMPL_RRTSTAR,14000,0.5,1,0,0.5008947129999797,0.5008947129999797,10.469906110292014,34,0,0,0,1,1,,
hard_extreme_to_extreme,OMPL_RRTSTAR,15000,0.5,1,0,0.5003800120002779,0.5003800120002779,9.919864691700718,33,0,0,0,1,1,,
hard_extreme_to_extreme,OMPL_RRTSTAR,16000,0.5,1,1,0.5019865419999405,0.5019865419999405,10.88829002755829,35,0,0,0,1,1,,
hard_extreme_to_extreme,OMPL_RRTSTAR,17000,0.5,1,0,0.5011993560001429,0.5011993560001429,10.830942539944095,35,0,0,0,1,1,,
hard_extreme_to_extreme,OMPL_RRTSTAR,18000,0.5,1,0,0.5020478670003286,0.5020478670003286,9.428274835577502,32,0,0,0,1,1,,
hard_extreme_to_extreme,OMPL_RRTSTAR,19000,0.5,1,1,0.5007795009996698,0.5007795009996698,11.153519356412462,36,0,0,0,1,1,,
hard_extreme_to_extreme,OMPL_RRTSTAR,20000,0.5,1,0,0.5017806280002333,0.5017806280002333,9.28215520266275,31,0,0,0,1,1,,
hard_extreme_to_extreme,OMPL_RRTSTAR,1000,1.0,1,0,1.0016291140000249,1.0016291140000249,9.8031167287579,32,0,0,0,1,1,,
hard_extreme_to_extreme,OMPL_RRTSTAR,2000,1.0,1,0,1.002091078000376,1.002091078000376,11.64284020967591,38,0,0,0,1,1,,
hard_extreme_to_extreme,OMPL_RRTSTAR,3000,1.0,1,0,1.0010204370000793,1.0010204370000793,9.418768814338565,31,0,0,0,1,1,,
hard_extreme_to_extreme,OMPL_RRTSTAR,4000,1.0,1,0,1.0006064979997973,1.0006064979997973,10.063228621399652,33,0,0,0,1,1,,
hard_extreme_to_extreme,OMPL_RRTSTAR,5000,1.0,1,0,1.0026957079999193,1.0026957079999193,11.041512772016471,36,0,0,0,1,1,,
hard_extreme_to_extreme,OMPL_RRTSTAR,6000,1.0,1,0,1.0018278289999216,1.0018278289999216,10.901705543844717,35,0,0,0,1,1,,
hard_extreme_to_extreme,OMPL_RRTSTAR,7000,1.0,1,0,1.0006404369996744,1.0006404369996744,9.464917514955475,30,0,0,0,1,1,,
hard_extreme_to_extreme,OMPL_RRTSTAR,8000,1.0,1,0,1.0008764819995122,1.0008764819995122,10.24430909278665,34,0,0,0,1,1,,
hard_extreme_to_extreme,OMPL_RRTSTAR,9000,1.0,1,0,1.0004409200000737,1.0004409200000737,11.002351514268362,36,0,0,0,1,1,,
hard_extreme_to_extreme,OMPL_RRTSTAR,10000,1.0,1,0,1.0016776899992692,1.0016776899992692,10.308999449818678,34,0,0,0,1,1,,
hard_extreme_to_extreme,OMPL_RRTSTAR,11000,1.0,1,0,1.002296491999914,1.002296491999914,11.460409634551626,37,0,0,0,1,1,,
hard_extreme_to_extreme,OMPL_RRTSTAR,12000,1.0,1,0,1.0022042990003683,1.0022042990003683,10.779002920176598,35,0,0,0,1,1,,
hard_extreme_to_extreme,OMPL_RRTSTAR,13000,1.0,1,0,1.0017946670004676,1.0017946670004676,12.621608877662283,42,0,0,0,1,1,,
hard_extreme_to_extreme,OMPL_RRTSTAR,14000,1.0,1,0,1.0015792680005688,1.0015792680005688,8.887365063484667,30,0,0,0,1,1,,
hard_extreme_to_extreme,OMPL_RRTSTAR,15000,1.0,1,0,1.0011495090002427,1.0011495090002427,11.550686793592712,37,0,0,0,1,1,,
hard_extreme_to_extreme,OMPL_RRTSTAR,16000,1.0,1,0,1.0016280339996229,1.0016280339996229,10.08513060610109,32,0,0,0,1,1,,
hard_extreme_to_extreme,OMPL_RRTSTAR,17000,1.0,1,0,1.0023032500002955,1.0023032500002955,9.333072729679687,31,0,0,0,1,1,,
hard_extreme_to_extreme,OMPL_RRTSTAR,18000,1.0,1,0,1.0005954059997748,1.0005954059997748,10.239706224925564,33,0,0,0,1,1,,
hard_extreme_to_extreme,OMPL_RRTSTAR,19000,1.0,1,0,1.0017559150001034,1.0017559150001034,11.295071949631065,37,0,0,0,1,1,,
hard_extreme_to_extreme,OMPL_RRTSTAR,20000,1.0,1,0,1.0026177019999523,1.0026177019999523,10.893879753010903,35,0,0,0,1,1,,
hard_extreme_to_extreme,OMPL_RRTSTAR,1000,2.0,1,0,2.00204047599982,2.00204047599982,10.920941442452579,35,0,0,0,1,1,,
hard_extreme_to_extreme,OMPL_RRTSTAR,2000,2.0,1,0,2.0014688089995616,2.0014688089995616,8.864134355467803,30,0,0,0,1,1,,
hard_extreme_to_extreme,OMPL_RRTSTAR,3000,2.0,1,0,2.001257017000171,2.001257017000171,9.936112744154055,32,0,0,0,1,1,,
hard_extreme_to_extreme,OMPL_RRTSTAR,4000,2.0,1,0,2.0002782769997793,2.0002782769997793,13.670803358445047,42,0,0,0,1,1,,
hard_extreme_to_extreme,OMPL_RRTSTAR,5000,2.0,1,0,2.001781187999768,2.001781187999768,12.710754888464306,42,0,0,0,1,1,,
hard_extreme_to_extreme,OMPL_RRTSTAR,6000,2.0,1,0,2.0026781510005094,2.0026781510005094,9.245797937286069,31,0,0,0,1,1,,
hard_extreme_to_extreme,OMPL_RRTSTAR,7000,2.0,1,0,2.0001150850002887,2.0001150850002887,10.80952827241828,36,0,0,0,1,1,,
hard_extreme_to_extreme,OMPL_RRTSTAR,8000,2.0,1,0,2.0020934100002705,2.0020934100002705,12.008456496665833,40,0,0,0,1,1,,
hard_extreme_to_extreme,OMPL_RRTSTAR,9000,2.0,1,0,2.000194463000298,2.000194463000298,7.970365222325951,27,0,0,0,1,1,,
hard_extreme_to_extreme,OMPL_RRTSTAR,10000,2.0,1,0,2.0006323760007945,2.0006323760007945,9.377500355090868,31,0,0,0,1,1,,
hard_extreme_to_extreme,OMPL_RRTSTAR,11000,2.0,1,0,2.002635926000039,2.002635926000039,8.983820092610195,30,0,0,0,1,1,,
hard_extreme_to_extreme,OMPL_RRTSTAR,12000,2.0,1,0,2.0012725149999824,2.0012725149999824,10.734314626825677,36,0,0,0,1,1,,
hard_extreme_to_extreme,OMPL_RRTSTAR,13000,2.0,1,0,2.0019465819996185,2.0019465819996185,12.16164166817994,38,0,0,0,1,1,,
hard_extreme_to_extreme,OMPL_RRTSTAR,14000,2.0,1,0,2.001501331000327,2.001501331000327,9.693865139047574,32,0,0,0,1,1,,
hard_extreme_to_extreme,OMPL_RRTSTAR,15000,2.0,1,0,2.0021774979995826,2.0021774979995826,11.143626777174477,37,0,0,0,1,1,,
hard_extreme_to_extreme,OMPL_RRTSTAR,16000,2.0,1,0,2.0012359290003587,2.0012359290003587,9.795568533822548,32,0,0,0,1,1,,
hard_extreme_to_extreme,OMPL_RRTSTAR,17000,2.0,1,0,2.0025347830005558,2.0025347830005558,8.947694862174924,30,0,0,0,1,1,,
hard_extreme_to_extreme,OMPL_RRTSTAR,18000,2.0,1,0,2.0025030860006154,2.0025030860006154,9.54406600993544,31,0,0,0,1,1,,
hard_extreme_to_extreme,OMPL_RRTSTAR,19000,2.0,1,0,2.0025250630005758,2.0025250630005758,9.04287034807576,29,0,0,0,1,1,,
hard_extreme_to_extreme,OMPL_RRTSTAR,20000,2.0,1,0,2.0010754089998954,2.0010754089998954,12.726814987663548,41,0,0,0,1,1,,
hard_extreme_to_extreme,OMPL_RRTCONNECT,1000,0.5,1,0,0.0553991450005924,0.0553991450005924,5.884960075523607,21,0,0,0,1,1,,
hard_extreme_to_extreme,OMPL_RRTCONNECT,2000,0.5,1,0,0.05418242900032055,0.05418242900032055,5.875244176041668,21,0,0,0,1,1,,
hard_extreme_to_extreme,OMPL_RRTCONNECT,3000,0.5,1,0,0.05845975200008979,0.05845975200008979,5.85038821987744,21,0,0,0,1,1,,
hard_extreme_to_extreme,OMPL_RRTCONNECT,4000,0.5,1,0,0.05640585499986628,0.05640585499986628,5.895331039479489,21,0,0,0,1,1,,
hard_extreme_to_extreme,OMPL_RRTCONNECT,5000,0.5,1,0,0.0541399880003155,0.0541399880003155,5.841347551057853,21,0,0,0,1,1,,
hard_extreme_to_extreme,OMPL_RRTCONNECT,6000,0.5,1,0,0.05770170199957647,0.05770170199957647,5.923059943218211,21,0,0,0,1,1,,
hard_extreme_to_extreme,OMPL_RRTCONNECT,7000,0.5,1,0,0.05745337499956804,0.05745337499956804,5.900008738901137,21,0,0,0,1,1,,
hard_extreme_to_extreme,OMPL_RRTCONNECT,8000,0.5,1,0,0.05597713499992096,0.05597713499992096,5.912101661622032,21,0,0,0,1,1,,
hard_extreme_to_extreme,OMPL_RRTCONNECT,9000,0.5,1,0,0.05587189900052181,0.05587189900052181,6.0339195003892945,21,0,0,0,1,1,,
hard_extreme_to_extreme,OMPL_RRTCONNECT,10000,0.5,1,0,0.05754757700015034,0.05754757700015034,5.8491596566998565,21,0,0,0,1,1,,
hard_extreme_to_extreme,OMPL_RRTCONNECT,11000,0.5,1,0,0.06914506500015705,0.06914506500015705,5.892242972258764,21,0,0,0,1,1,,
hard_extreme_to_extreme,OMPL_RRTCONNECT,12000,0.5,1,0,0.072369126999547,0.072369126999547,5.994205987107597,21,0,0,0,1,1,,
hard_extreme_to_extreme,OMPL_RRTCONNECT,13000,0.5,1,0,0.05540139700042346,0.05540139700042346,5.930162664386377,21,0,0,0,1,1,,
hard_extreme_to_extreme,OMPL_RRTCONNECT,14000,0.5,1,0,0.053098812999451184,0.053098812999451184,5.874370678566875,21,0,0,0,1,1,,
hard_extreme_to_extreme,OMPL_RRTCONNECT,15000,0.5,1,0,0.054613705000519985,0.054613705000519985,6.011959452734433,21,0,0,0,1,1,,
hard_extreme_to_extreme,OMPL_RRTCONNECT,16000,0.5,1,0,0.05150465400038229,0.05150465400038229,5.901355480666423,21,0,0,0,1,1,,
hard_extreme_to_extreme,OMPL_RRTCONNECT,17000,0.5,1,0,0.05479327100056253,0.05479327100056253,5.85072506573243,21,0,0,0,1,1,,
hard_extreme_to_extreme,OMPL_RRTCONNECT,18000,0.5,1,0,0.056105974999809405,0.056105974999809405,5.946896358959169,21,0,0,0,1,1,,
hard_extreme_to_extreme,OMPL_RRTCONNECT,19000,0.5,1,0,0.05668439999953989,0.05668439999953989,5.97877720198654,21,0,0,0,1,1,,
hard_extreme_to_extreme,OMPL_RRTCONNECT,20000,0.5,1,0,0.06251492299998063,0.06251492299998063,5.8745121894305505,21,0,0,0,1,1,,
hard_extreme_to_extreme,OMPL_RRTCONNECT,1000,1.0,1,0,0.0535917180004617,0.0535917180004617,5.847997415599414,21,0,0,0,1,1,,
hard_extreme_to_extreme,OMPL_RRTCONNECT,2000,1.0,1,0,0.05874892700012424,0.05874892700012424,6.0558636310163845,22,0,0,0,1,1,,
hard_extreme_to_extreme,OMPL_RRTCONNECT,3000,1.0,1,0,0.05424299999958748,0.05424299999958748,6.007787644256073,21,0,0,0,1,1,,
hard_extreme_to_extreme,OMPL_RRTCONNECT,4000,1.0,1,0,0.057628881999335135,0.057628881999335135,5.885824119175435,21,0,0,0,1,1,,
hard_extreme_to_extreme,OMPL_RRTCONNECT,5000,1.0,1,0,0.057333834000019124,0.057333834000019124,5.996841312429514,21,0,0,0,1,1,,
hard_extreme_to_extreme,OMPL_RRTCONNECT,6000,1.0,1,0,0.0525701359993036,0.0525701359993036,5.938662345059356,21,0,0,0,1,1,,
hard_extreme_to_extreme,OMPL_RRTCONNECT,7000,1.0,1,0,0.053275893999853,0.053275893999853,5.890532336383447,21,0,0,0,1,1,,
hard_extreme_to_extreme,OMPL_RRTCONNECT,8000,1.0,1,0,0.053618128999914916,0.053618128999914916,5.845660680428618,21,0,0,0,1,1,,
hard_extreme_to_extreme,OMPL_RRTCONNECT,9000,1.0,1,0,0.05530367900064448,0.05530367900064448,5.981340630350584,21,0,0,0,1,1,,
hard_extreme_to_extreme,OMPL_RRTCONNECT,10000,1.0,1,0,0.05216881199976342,0.05216881199976342,5.882631926455738,21,0,0,0,1,1,,
hard_extreme_to_extreme,OMPL_RRTCONNECT,11000,1.0,1,0,0.05568975300047896,0.05568975300047896,5.877457683938617,21,0,0,0,1,1,,
hard_extreme_to_extreme,OMPL_RRTCONNECT,12000,1.0,1,0,0.05125128600047901,0.05125128600047901,5.873510314573625,21,0,0,0,1,1,,
hard_extreme_to_extreme,OMPL_RRTCONNECT,13000,1.0,1,0,0.06714204200034146,0.06714204200034146,5.956644247885224,21,0,0,0,1,1,,
hard_extreme_to_extreme,OMPL_RRTCONNECT,14000,1.0,1,0,0.05688104900036706,0.05688104900036706,5.982685244808221,21,0,0,0,1,1,,
hard_extreme_to_extreme,OMPL_RRTCONNECT,15000,1.0,1,0,0.053887506000137364,0.053887506000137364,5.875341378902549,21,0,0,0,1,1,,
hard_extreme_to_extreme,OMPL_RRTCONNECT,16000,1.0,1,0,0.056025484999736364,0.056025484999736364,5.869153396513279,21,0,0,0,1,1,,
hard_extreme_to_extreme,OMPL_RRTCONNECT,17000,1.0,1,0,0.05924754999978177,0.05924754999978177,5.929162816350309,21,0,0,0,1,1,,
hard_extreme_to_extreme,OMPL_RRTCONNECT,18000,1.0,1,0,0.05267443499997171,0.05267443499997171,5.920133156919285,21,0,0,0,1,1,,
hard_extreme_to_extreme,OMPL_RRTCONNECT,19000,1.0,1,0,0.057729504000235465,0.057729504000235465,5.863135870680351,21,0,0,0,1,1,,
hard_extreme_to_extreme,OMPL_RRTCONNECT,20000,1.0,1,0,0.056087301999468764,0.056087301999468764,6.035662810064129,21,0,0,0,1,1,,
hard_extreme_to_extreme,OMPL_RRTCONNECT,1000,2.0,1,0,0.05487810399972659,0.05487810399972659,5.864946227770944,21,0,0,0,1,1,,
hard_extreme_to_extreme,OMPL_RRTCONNECT,2000,2.0,1,0,0.05473695000000589,0.05473695000000589,5.888082612107548,21,0,0,0,1,1,,
hard_extreme_to_extreme,OMPL_RRTCONNECT,3000,2.0,1,0,0.05698751199997787,0.05698751199997787,6.007581253762669,21,0,0,0,1,1,,
hard_extreme_to_extreme,OMPL_RRTCONNECT,4000,2.0,1,0,0.05299585099965043,0.05299585099965043,5.905759674360972,21,0,0,0,1,1,,
hard_extreme_to_extreme,OMPL_RRTCONNECT,5000,2.0,1,0,0.05946625400065386,0.05946625400065386,5.854513495498296,21,0,0,0,1,1,,
hard_extreme_to_extreme,OMPL_RRTCONNECT,6000,2.0,1,0,0.05654696599958697,0.05654696599958697,5.882929594763961,21,0,0,0,1,1,,
hard_extreme_to_extreme,OMPL_RRTCONNECT,7000,2.0,1,0,0.05318979899948317,0.05318979899948317,5.977134070648603,21,0,0,0,1,1,,
hard_extreme_to_extreme,OMPL_RRTCONNECT,8000,2.0,1,0,0.07682965899948613,0.07682965899948613,5.868984723874831,21,0,0,0,1,1,,
hard_extreme_to_extreme,OMPL_RRTCONNECT,9000,2.0,1,0,0.05383683400032169,0.05383683400032169,5.875340264529466,21,0,0,0,1,1,,
hard_extreme_to_extreme,OMPL_RRTCONNECT,10000,2.0,1,0,0.05971895399943605,0.05971895399943605,5.972100572584243,21,0,0,0,1,1,,
hard_extreme_to_extreme,OMPL_RRTCONNECT,11000,2.0,1,0,0.05339525500039599,0.05339525500039599,5.895876206700884,21,0,0,0,1,1,,
hard_extreme_to_extreme,OMPL_RRTCONNECT,12000,2.0,1,0,0.07182713200018043,0.07182713200018043,5.874446962862427,21,0,0,0,1,1,,
hard_extreme_to_extreme,OMPL_RRTCONNECT,13000,2.0,1,0,0.07042440099939995,0.07042440099939995,5.927351907173796,21,0,0,0,1,1,,
hard_extreme_to_extreme,OMPL_RRTCONNECT,14000,2.0,1,0,0.05660712799999601,0.05660712799999601,5.901859952188172,21,0,0,0,1,1,,
hard_extreme_to_extreme,OMPL_RRTCONNECT,15000,2.0,1,0,0.05701923699962208,0.05701923699962208,5.844206113240939,21,0,0,0,1,1,,
hard_extreme_to_extreme,OMPL_RRTCONNECT,16000,2.0,1,0,0.05597736799973063,0.05597736799973063,5.969014467645793,21,0,0,0,1,1,,
hard_extreme_to_extreme,OMPL_RRTCONNECT,17000,2.0,1,0,0.0562319890004801,0.0562319890004801,5.895051770599893,21,0,0,0,1,1,,
hard_extreme_to_extreme,OMPL_RRTCONNECT,18000,2.0,1,0,0.057498525000482914,0.057498525000482914,5.8962804134673235,21,0,0,0,1,1,,
hard_extreme_to_extreme,OMPL_RRTCONNECT,19000,2.0,1,0,0.05787383200004115,0.05787383200004115,5.893220006461707,21,0,0,0,1,1,,
hard_extreme_to_extreme,OMPL_RRTCONNECT,20000,2.0,1,0,0.056496784999580996,0.056496784999580996,5.8628473003813895,21,0,0,0,1,1,,
hard_zeros_to_extreme,AEB_RRTSTAR_FAITHFUL,1000,0.5,1,0,0.015654717999495915,0.015654717999495915,3.410162967901318,6,4,3,6,1,1,,
hard_zeros_to_extreme,AEB_RRTSTAR_FAITHFUL,2000,0.5,1,0,0.01606789699962974,0.01606789699962974,3.410162967901318,6,4,3,6,1,1,,
hard_zeros_to_extreme,AEB_RRTSTAR_FAITHFUL,3000,0.5,1,0,0.016820831999211805,0.016820831999211805,3.410162967901318,6,4,3,6,1,1,,
hard_zeros_to_extreme,AEB_RRTSTAR_FAITHFUL,4000,0.5,1,0,0.016891563000172027,0.016891563000172027,3.410162967901318,6,4,3,6,1,1,,
hard_zeros_to_extreme,AEB_RRTSTAR_FAITHFUL,5000,0.5,1,0,0.016683605999787687,0.016683605999787687,3.410162967901318,6,4,3,6,1,1,,
hard_zeros_to_extreme,AEB_RRTSTAR_FAITHFUL,6000,0.5,1,0,0.015594135999890568,0.015594135999890568,3.410162967901318,6,4,3,6,1,1,,
hard_zeros_to_extreme,AEB_RRTSTAR_FAITHFUL,7000,0.5,1,0,0.033360607000759046,0.033360607000759046,3.576173710888617,6,4,4,8,1,1,,
hard_zeros_to_extreme,AEB_RRTSTAR_FAITHFUL,8000,0.5,1,0,0.016054472000178066,0.016054472000178066,3.410162967901318,6,4,3,6,1,1,,
hard_zeros_to_extreme,AEB_RRTSTAR_FAITHFUL,9000,0.5,1,0,0.01941596100004972,0.01941596100004972,3.8354950505409406,4,4,4,7,1,1,,
hard_zeros_to_extreme,AEB_RRTSTAR_FAITHFUL,10000,0.5,1,0,0.01594862199999625,0.01594862199999625,3.410162967901318,6,4,3,6,1,1,,
hard_zeros_to_extreme,AEB_RRTSTAR_FAITHFUL,11000,0.5,1,0,0.02648855999996158,0.02648855999996158,2.606912507249822,5,5,4,10,1,1,,
hard_zeros_to_extreme,AEB_RRTSTAR_FAITHFUL,12000,0.5,1,0,0.016197966999243363,0.016197966999243363,3.410162967901318,6,4,3,6,1,1,,
hard_zeros_to_extreme,AEB_RRTSTAR_FAITHFUL,13000,0.5,1,0,0.016182708000087587,0.016182708000087587,3.410162967901318,6,4,3,6,1,1,,
hard_zeros_to_extreme,AEB_RRTSTAR_FAITHFUL,14000,0.5,1,0,0.026734060999842768,0.026734060999842768,3.410162967901318,6,4,3,6,1,1,,
hard_zeros_to_extreme,AEB_RRTSTAR_FAITHFUL,15000,0.5,1,0,0.016872593000698544,0.016872593000698544,3.410162967901318,6,4,3,6,1,1,,
hard_zeros_to_extreme,AEB_RRTSTAR_FAITHFUL,16000,0.5,1,0,0.030230465999920852,0.030230465999920852,3.2173175865094272,6,4,4,8,1,1,,
hard_zeros_to_extreme,AEB_RRTSTAR_FAITHFUL,17000,0.5,1,0,0.016377855999962776,0.016377855999962776,3.410162967901318,6,4,3,6,1,1,,
hard_zeros_to_extreme,AEB_RRTSTAR_FAITHFUL,18000,0.5,1,0,0.0166926030005925,0.0166926030005925,3.410162967901318,6,4,3,6,1,1,,
hard_zeros_to_extreme,AEB_RRTSTAR_FAITHFUL,19000,0.5,1,0,0.016131875000610307,0.016131875000610307,3.410162967901318,6,4,3,6,1,1,,
hard_zeros_to_extreme,AEB_RRTSTAR_FAITHFUL,20000,0.5,1,0,0.01886601000023802,0.01886601000023802,3.7984344996425925,4,4,4,7,1,1,,
hard_zeros_to_extreme,AEB_RRTSTAR_FAITHFUL,1000,1.0,1,0,0.01712574399971345,0.01712574399971345,3.410162967901318,6,4,3,6,1,1,,
hard_zeros_to_extreme,AEB_RRTSTAR_FAITHFUL,2000,1.0,1,0,0.02584164299969416,0.02584164299969416,3.410162967901318,6,4,3,6,1,1,,
hard_zeros_to_extreme,AEB_RRTSTAR_FAITHFUL,3000,1.0,1,0,0.015835344000151963,0.015835344000151963,3.410162967901318,6,4,3,6,1,1,,
hard_zeros_to_extreme,AEB_RRTSTAR_FAITHFUL,4000,1.0,1,0,0.016157405999365437,0.016157405999365437,3.410162967901318,6,4,3,6,1,1,,
hard_zeros_to_extreme,AEB_RRTSTAR_FAITHFUL,5000,1.0,1,0,0.01857016600024508,0.01857016600024508,3.410162967901318,6,4,3,6,1,1,,
hard_zeros_to_extreme,AEB_RRTSTAR_FAITHFUL,6000,1.0,1,0,0.01558347100035462,0.01558347100035462,3.410162967901318,6,4,3,6,1,1,,
hard_zeros_to_extreme,AEB_RRTSTAR_FAITHFUL,7000,1.0,1,0,0.021704105000026175,0.021704105000026175,3.576173710888617,6,4,4,8,1,1,,
hard_zeros_to_extreme,AEB_RRTSTAR_FAITHFUL,8000,1.0,1,0,0.015885933999925328,0.015885933999925328,3.410162967901318,6,4,3,6,1,1,,
hard_zeros_to_extreme,AEB_RRTSTAR_FAITHFUL,9000,1.0,1,0,0.01868446499975107,0.01868446499975107,3.8354950505409406,4,4,4,7,1,1,,
hard_zeros_to_extreme,AEB_RRTSTAR_FAITHFUL,10000,1.0,1,0,0.018256609999298234,0.018256609999298234,3.410162967901318,6,4,3,6,1,1,,
hard_zeros_to_extreme,AEB_RRTSTAR_FAITHFUL,11000,1.0,1,0,0.02609448400016845,0.02609448400016845,2.606912507249822,5,5,4,10,1,1,,
hard_zeros_to_extreme,AEB_RRTSTAR_FAITHFUL,12000,1.0,1,0,0.01595177200033504,0.01595177200033504,3.410162967901318,6,4,3,6,1,1,,
hard_zeros_to_extreme,AEB_RRTSTAR_FAITHFUL,13000,1.0,1,0,0.016182626000045275,0.016182626000045275,3.410162967901318,6,4,3,6,1,1,,
hard_zeros_to_extreme,AEB_RRTSTAR_FAITHFUL,14000,1.0,1,0,0.026131609000003664,0.026131609000003664,3.410162967901318,6,4,3,6,1,1,,
hard_zeros_to_extreme,AEB_RRTSTAR_FAITHFUL,15000,1.0,1,0,0.015696500000558444,0.015696500000558444,3.410162967901318,6,4,3,6,1,1,,
hard_zeros_to_extreme,AEB_RRTSTAR_FAITHFUL,16000,1.0,1,0,0.02110988799995539,0.02110988799995539,3.2173175865094272,6,4,4,8,1,1,,
hard_zeros_to_extreme,AEB_RRTSTAR_FAITHFUL,17000,1.0,1,0,0.015875072000198998,0.015875072000198998,3.410162967901318,6,4,3,6,1,1,,
hard_zeros_to_extreme,AEB_RRTSTAR_FAITHFUL,18000,1.0,1,0,0.017326438000054623,0.017326438000054623,3.410162967901318,6,4,3,6,1,1,,
hard_zeros_to_extreme,AEB_RRTSTAR_FAITHFUL,19000,1.0,1,0,0.024425343000075372,0.024425343000075372,3.410162967901318,6,4,3,6,1,1,,
hard_zeros_to_extreme,AEB_RRTSTAR_FAITHFUL,20000,1.0,1,0,0.01855721199990512,0.01855721199990512,3.7984344996425925,4,4,4,7,1,1,,
hard_zeros_to_extreme,AEB_RRTSTAR_FAITHFUL,1000,2.0,1,0,0.01573885000016162,0.01573885000016162,3.410162967901318,6,4,3,6,1,1,,
hard_zeros_to_extreme,AEB_RRTSTAR_FAITHFUL,2000,2.0,1,0,0.01668673200038029,0.01668673200038029,3.410162967901318,6,4,3,6,1,1,,
hard_zeros_to_extreme,AEB_RRTSTAR_FAITHFUL,3000,2.0,1,0,0.01620414199987863,0.01620414199987863,3.410162967901318,6,4,3,6,1,1,,
hard_zeros_to_extreme,AEB_RRTSTAR_FAITHFUL,4000,2.0,1,0,0.01674698399983754,0.01674698399983754,3.410162967901318,6,4,3,6,1,1,,
hard_zeros_to_extreme,AEB_RRTSTAR_FAITHFUL,5000,2.0,1,0,0.015650063999601116,0.015650063999601116,3.410162967901318,6,4,3,6,1,1,,
hard_zeros_to_extreme,AEB_RRTSTAR_FAITHFUL,6000,2.0,1,0,0.01569564600049489,0.01569564600049489,3.410162967901318,6,4,3,6,1,1,,
hard_zeros_to_extreme,AEB_RRTSTAR_FAITHFUL,7000,2.0,1,0,0.02135239899962471,0.02135239899962471,3.576173710888617,6,4,4,8,1,1,,
hard_zeros_to_extreme,AEB_RRTSTAR_FAITHFUL,8000,2.0,1,0,0.016791120000561932,0.016791120000561932,3.410162967901318,6,4,3,6,1,1,,
hard_zeros_to_extreme,AEB_RRTSTAR_FAITHFUL,9000,2.0,1,0,0.018982697999490483,0.018982697999490483,3.8354950505409406,4,4,4,7,1,1,,
hard_zeros_to_extreme,AEB_RRTSTAR_FAITHFUL,10000,2.0,1,0,0.016300362999572826,0.016300362999572826,3.410162967901318,6,4,3,6,1,1,,
hard_zeros_to_extreme,AEB_RRTSTAR_FAITHFUL,11000,2.0,1,0,0.03808917099922837,0.03808917099922837,2.606912507249822,5,5,4,10,1,1,,
hard_zeros_to_extreme,AEB_RRTSTAR_FAITHFUL,12000,2.0,1,0,0.019906420000552316,0.019906420000552316,3.410162967901318,6,4,3,6,1,1,,
hard_zeros_to_extreme,AEB_RRTSTAR_FAITHFUL,13000,2.0,1,0,0.01612096000008023,0.01612096000008023,3.410162967901318,6,4,3,6,1,1,,
hard_zeros_to_extreme,AEB_RRTSTAR_FAITHFUL,14000,2.0,1,0,0.02592739099964092,0.02592739099964092,3.410162967901318,6,4,3,6,1,1,,
hard_zeros_to_extreme,AEB_RRTSTAR_FAITHFUL,15000,2.0,1,0,0.016304855999806023,0.016304855999806023,3.410162967901318,6,4,3,6,1,1,,
hard_zeros_to_extreme,AEB_RRTSTAR_FAITHFUL,16000,2.0,1,0,0.021033365000221238,0.021033365000221238,3.2173175865094272,6,4,4,8,1,1,,
hard_zeros_to_extreme,AEB_RRTSTAR_FAITHFUL,17000,2.0,1,0,0.015964804000759614,0.015964804000759614,3.410162967901318,6,4,3,6,1,1,,
hard_zeros_to_extreme,AEB_RRTSTAR_FAITHFUL,18000,2.0,1,0,0.017156226999759383,0.017156226999759383,3.410162967901318,6,4,3,6,1,1,,
hard_zeros_to_extreme,AEB_RRTSTAR_FAITHFUL,19000,2.0,1,0,0.01645944000028976,0.01645944000028976,3.410162967901318,6,4,3,6,1,1,,
hard_zeros_to_extreme,AEB_RRTSTAR_FAITHFUL,20000,2.0,1,0,0.018270028999722854,0.018270028999722854,3.7984344996425925,4,4,4,7,1,1,,
hard_zeros_to_extreme,OMPL_RRTSTAR,1000,0.5,1,0,0.5020046800000273,0.5020046800000273,5.05120825186297,15,0,0,0,1,1,,
hard_zeros_to_extreme,OMPL_RRTSTAR,2000,0.5,1,0,0.5003702019994307,0.5003702019994307,6.608109052704232,20,0,0,0,1,1,,
hard_zeros_to_extreme,OMPL_RRTSTAR,3000,0.5,1,0,0.5022268460006671,0.5022268460006671,4.962161953829001,15,0,0,0,1,1,,
hard_zeros_to_extreme,OMPL_RRTSTAR,4000,0.5,1,0,0.5013452160001179,0.5013452160001179,5.863514016639344,19,0,0,0,1,1,,
hard_zeros_to_extreme,OMPL_RRTSTAR,5000,0.5,1,0,0.5014923359995009,0.5014923359995009,5.141088703116527,15,0,0,0,1,1,,
hard_zeros_to_extreme,OMPL_RRTSTAR,6000,0.5,1,0,0.5014919579998605,0.5014919579998605,7.306341193567189,23,0,0,0,1,1,,
hard_zeros_to_extreme,OMPL_RRTSTAR,7000,0.5,1,0,0.5011896609994437,0.5011896609994437,5.6532718071615236,18,0,0,0,1,1,,
hard_zeros_to_extreme,OMPL_RRTSTAR,8000,0.5,1,0,0.5009282119999625,0.5009282119999625,4.902674597402323,15,0,0,0,1,1,,
hard_zeros_to_extreme,OMPL_RRTSTAR,9000,0.5,1,0,0.5010784229998535,0.5010784229998535,5.940241805850999,18,0,0,0,1,1,,
hard_zeros_to_extreme,OMPL_RRTSTAR,10000,0.5,1,1,0.5021590770002149,0.5021590770002149,6.656570997017325,21,0,0,0,1,1,,
hard_zeros_to_extreme,OMPL_RRTSTAR,11000,0.5,1,0,0.5024599420003142,0.5024599420003142,6.515359726266281,19,0,0,0,1,1,,
hard_zeros_to_extreme,OMPL_RRTSTAR,12000,0.5,1,0,0.5013884700001654,0.5013884700001654,5.735332402735167,18,0,0,0,1,1,,
hard_zeros_to_extreme,OMPL_RRTSTAR,13000,0.5,1,0,0.5001426870003343,0.5001426870003343,6.146642658947039,19,0,0,0,1,1,,
hard_zeros_to_extreme,OMPL_RRTSTAR,14000,0.5,1,0,0.5005694820001736,0.5005694820001736,6.326058285089777,19,0,0,0,1,1,,
hard_zeros_to_extreme,OMPL_RRTSTAR,15000,0.5,1,1,0.5017061939997802,0.5017061939997802,4.820496136869356,15,0,0,0,1,1,,
hard_zeros_to_extreme,OMPL_RRTSTAR,16000,0.5,1,0,0.5012041170002703,0.5012041170002703,5.667386249038696,18,0,0,0,1,1,,
hard_zeros_to_extreme,OMPL_RRTSTAR,17000,0.5,1,0,0.5017036599992934,0.5017036599992934,5.337040118499544,16,0,0,0,1,1,,
hard_zeros_to_extreme,OMPL_RRTSTAR,18000,0.5,1,1,0.5023358260004898,0.5023358260004898,5.515121618550896,17,0,0,0,1,1,,
hard_zeros_to_extreme,OMPL_RRTSTAR,19000,0.5,1,0,0.5006305610004347,0.5006305610004347,5.745133597857356,18,0,0,0,1,1,,
hard_zeros_to_extreme,OMPL_RRTSTAR,20000,0.5,1,1,0.5005732250001529,0.5005732250001529,6.407237655482103,20,0,0,0,1,1,,
hard_zeros_to_extreme,OMPL_RRTSTAR,1000,1.0,1,0,1.0003392660000827,1.0003392660000827,8.0556362469921,24,0,0,0,1,1,,
hard_zeros_to_extreme,OMPL_RRTSTAR,2000,1.0,1,0,1.002132724999683,1.002132724999683,6.114977161255371,19,0,0,0,1,1,,
hard_zeros_to_extreme,OMPL_RRTSTAR,3000,1.0,1,0,1.000274924000223,1.000274924000223,6.8510471771373815,21,0,0,0,1,1,,
hard_zeros_to_extreme,OMPL_RRTSTAR,4000,1.0,1,0,1.0007023079997452,1.0007023079997452,5.358441766938098,16,0,0,0,1,1,,
hard_zeros_to_extreme,OMPL_RRTSTAR,5000,1.0,1,0,1.000216761000047,1.000216761000047,5.988237493977093,18,0,0,0,1,1,,
hard_zeros_to_extreme,OMPL_RRTSTAR,6000,1.0,1,0,1.0014801690003878,1.0014801690003878,6.880761175390191,21,0,0,0,1,1,,
hard_zeros_to_extreme,OMPL_RRTSTAR,7000,1.0,1,0,1.000694958999702,1.000694958999702,5.8842378168596525,18,0,0,0,1,1,,
hard_zeros_to_extreme,OMPL_RRTSTAR,8000,1.0,1,0,1.0016573019993302,1.0016573019993302,6.271399912541571,20,0,0,0,1,1,,
hard_zeros_to_extreme,OMPL_RRTSTAR,9000,1.0,1,0,1.0014968469995438,1.0014968469995438,5.2272461618083295,15,0,0,0,1,1,,
hard_zeros_to_extreme,OMPL_RRTSTAR,10000,1.0,1,0,1.0019452899996395,1.0019452899996395,5.08050544229557,16,0,0,0,1,1,,
hard_zeros_to_extreme,OMPL_RRTSTAR,11000,1.0,1,0,1.000737602999834,1.000737602999834,5.599148835651503,18,0,0,0,1,1,,
hard_zeros_to_extreme,OMPL_RRTSTAR,12000,1.0,1,0,1.0003619250001066,1.0003619250001066,6.233702030390874,19,0,0,0,1,1,,
hard_zeros_to_extreme,OMPL_RRTSTAR,13000,1.0,1,0,1.0023702399994363,1.0023702399994363,7.282952926345708,22,0,0,0,1,1,,
hard_zeros_to_extreme,OMPL_RRTSTAR,14000,1.0,1,0,1.0022176409993335,1.0022176409993335,6.43516963036643,19,0,0,0,1,1,,
hard_zeros_to_extreme,OMPL_RRTSTAR,15000,1.0,1,0,1.001697366999906,1.001697366999906,5.262627652598517,16,0,0,0,1,1,,
hard_zeros_to_extreme,OMPL_RRTSTAR,16000,1.0,1,0,1.0016803809994599,1.0016803809994599,7.005902642322491,22,0,0,0,1,1,,
hard_zeros_to_extreme,OMPL_RRTSTAR,17000,1.0,1,0,1.0007560269996247,1.0007560269996247,6.002949285830016,19,0,0,0,1,1,,
hard_zeros_to_extreme,OMPL_RRTSTAR,18000,1.0,1,0,1.0002405019995422,1.0002405019995422,6.040805330184012,19,0,0,0,1,1,,
hard_zeros_to_extreme,OMPL_RRTSTAR,19000,1.0,1,0,1.0008412860006501,1.0008412860006501,5.839065409467112,18,0,0,0,1,1,,
hard_zeros_to_extreme,OMPL_RRTSTAR,20000,1.0,1,0,1.0023946040000737,1.0023946040000737,5.891891828466786,18,0,0,0,1,1,,
hard_zeros_to_extreme,OMPL_RRTSTAR,1000,2.0,1,0,2.002543125999182,2.002543125999182,5.4272475313062785,16,0,0,0,1,1,,
hard_zeros_to_extreme,OMPL_RRTSTAR,2000,2.0,1,0,2.0018673880003917,2.0018673880003917,6.489414735738724,19,0,0,0,1,1,,
hard_zeros_to_extreme,OMPL_RRTSTAR,3000,2.0,1,0,2.000852592999763,2.000852592999763,5.714484688721799,17,0,0,0,1,1,,
hard_zeros_to_extreme,OMPL_RRTSTAR,4000,2.0,1,0,2.0025623950004956,2.0025623950004956,5.841899563197553,17,0,0,0,1,1,,
hard_zeros_to_extreme,OMPL_RRTSTAR,5000,2.0,1,0,2.000785895000263,2.000785895000263,6.382653410163739,19,0,0,0,1,1,,
hard_zeros_to_extreme,OMPL_RRTSTAR,6000,2.0,1,0,2.000280625000414,2.000280625000414,6.908611599751472,20,0,0,0,1,1,,
hard_zeros_to_extreme,OMPL_RRTSTAR,7000,2.0,1,0,2.0006965040001887,2.0006965040001887,6.265892375678173,19,0,0,0,1,1,,
hard_zeros_to_extreme,OMPL_RRTSTAR,8000,2.0,1,0,2.0011650999995254,2.0011650999995254,5.0059264978625535,15,0,0,0,1,1,,
hard_zeros_to_extreme,OMPL_RRTSTAR,9000,2.0,1,0,2.0004592249997586,2.0004592249997586,7.1079788189897934,23,0,0,0,1,1,,
hard_zeros_to_extreme,OMPL_RRTSTAR,10000,2.0,1,0,2.0019431660002738,2.0019431660002738,5.940781037678007,18,0,0,0,1,1,,
hard_zeros_to_extreme,OMPL_RRTSTAR,11000,2.0,1,0,2.0017291920003117,2.0017291920003117,4.835579362439609,15,0,0,0,1,1,,
hard_zeros_to_extreme,OMPL_RRTSTAR,12000,2.0,1,0,2.000758446999498,2.000758446999498,7.37722995400586,21,0,0,0,1,1,,
hard_zeros_to_extreme,OMPL_RRTSTAR,13000,2.0,1,0,2.001675096999861,2.001675096999861,5.40164941206817,17,0,0,0,1,1,,
hard_zeros_to_extreme,OMPL_RRTSTAR,14000,2.0,1,0,2.001117896999858,2.001117896999858,5.645328294745709,18,0,0,0,1,1,,
hard_zeros_to_extreme,OMPL_RRTSTAR,15000,2.0,1,0,2.001798229999622,2.001798229999622,5.7913554492275,18,0,0,0,1,1,,
hard_zeros_to_extreme,OMPL_RRTSTAR,16000,2.0,1,0,2.001048426000125,2.001048426000125,4.730030390975314,14,0,0,0,1,1,,
hard_zeros_to_extreme,OMPL_RRTSTAR,17000,2.0,1,0,2.002497487000255,2.002497487000255,5.5983529008733,17,0,0,0,1,1,,
hard_zeros_to_extreme,OMPL_RRTSTAR,18000,2.0,1,0,2.000592219000282,2.000592219000282,7.663245070880263,24,0,0,0,1,1,,
hard_zeros_to_extreme,OMPL_RRTSTAR,19000,2.0,1,0,2.000086336000095,2.000086336000095,5.06621475747974,16,0,0,0,1,1,,
hard_zeros_to_extreme,OMPL_RRTSTAR,20000,2.0,1,0,2.0000781669996286,2.0000781669996286,5.95069461720164,19,0,0,0,1,1,,
hard_zeros_to_extreme,OMPL_RRTCONNECT,1000,0.5,1,0,0.03193442599967966,0.03193442599967966,4.505169505743423,13,0,0,0,1,1,,
hard_zeros_to_extreme,OMPL_RRTCONNECT,2000,0.5,1,0,0.03207970300081797,0.03207970300081797,4.263130972321432,13,0,0,0,1,1,,
hard_zeros_to_extreme,OMPL_RRTCONNECT,3000,0.5,1,0,0.03519753999989916,0.03519753999989916,4.530604038516637,14,0,0,0,1,1,,
hard_zeros_to_extreme,OMPL_RRTCONNECT,4000,0.5,1,0,0.031297784999878786,0.031297784999878786,4.438983527634799,13,0,0,0,1,1,,
hard_zeros_to_extreme,OMPL_RRTCONNECT,5000,0.5,1,0,0.03434647899939591,0.03434647899939591,4.561183462859491,14,0,0,0,1,1,,
hard_zeros_to_extreme,OMPL_RRTCONNECT,6000,0.5,1,0,0.03558976000022085,0.03558976000022085,4.559952672576803,14,0,0,0,1,1,,
hard_zeros_to_extreme,OMPL_RRTCONNECT,7000,0.5,1,0,0.05222767899977043,0.05222767899977043,4.299483077337642,13,0,0,0,1,1,,
hard_zeros_to_extreme,OMPL_RRTCONNECT,8000,0.5,1,0,0.05221072099993762,0.05221072099993762,4.503116614573402,14,0,0,0,1,1,,
hard_zeros_to_extreme,OMPL_RRTCONNECT,9000,0.5,1,0,0.03295695599990722,0.03295695599990722,4.303203666950556,13,0,0,0,1,1,,
hard_zeros_to_extreme,OMPL_RRTCONNECT,10000,0.5,1,0,0.03241715600051975,0.03241715600051975,4.403270324252949,13,0,0,0,1,1,,
hard_zeros_to_extreme,OMPL_RRTCONNECT,11000,0.5,1,0,0.03205925499969453,0.03205925499969453,4.313139367769744,13,0,0,0,1,1,,
hard_zeros_to_extreme,OMPL_RRTCONNECT,12000,0.5,1,0,0.03449705000002723,0.03449705000002723,4.315991243251967,13,0,0,0,1,1,,
hard_zeros_to_extreme,OMPL_RRTCONNECT,13000,0.5,1,0,0.033224439999685274,0.033224439999685274,4.3653407214129905,13,0,0,0,1,1,,
hard_zeros_to_extreme,OMPL_RRTCONNECT,14000,0.5,1,0,0.033754045000023325,0.033754045000023325,4.368196636823305,13,0,0,0,1,1,,
hard_zeros_to_extreme,OMPL_RRTCONNECT,15000,0.5,1,0,0.03653431500060833,0.03653431500060833,4.50980341753753,14,0,0,0,1,1,,
hard_zeros_to_extreme,OMPL_RRTCONNECT,16000,0.5,1,0,0.03319400200052769,0.03319400200052769,4.376804313172628,13,0,0,0,1,1,,
hard_zeros_to_extreme,OMPL_RRTCONNECT,17000,0.5,1,0,0.03457182300007844,0.03457182300007844,4.477563753092445,14,0,0,0,1,1,,
hard_zeros_to_extreme,OMPL_RRTCONNECT,18000,0.5,1,0,0.03458512500037614,0.03458512500037614,4.555486345184307,14,0,0,0,1,1,,
hard_zeros_to_extreme,OMPL_RRTCONNECT,19000,0.5,1,0,0.03224881699952675,0.03224881699952675,4.4415950440091745,13,0,0,0,1,1,,
hard_zeros_to_extreme,OMPL_RRTCONNECT,20000,0.5,1,0,0.03533099200012657,0.03533099200012657,4.609208296738419,14,0,0,0,1,1,,
hard_zeros_to_extreme,OMPL_RRTCONNECT,1000,1.0,1,0,0.03495478599961643,0.03495478599961643,4.306120247423068,13,0,0,0,1,1,,
hard_zeros_to_extreme,OMPL_RRTCONNECT,2000,1.0,1,0,0.03247307699984958,0.03247307699984958,4.413558439622649,13,0,0,0,1,1,,
hard_zeros_to_extreme,OMPL_RRTCONNECT,3000,1.0,1,0,0.034042602999761584,0.034042602999761584,4.5095585246713945,14,0,0,0,1,1,,
hard_zeros_to_extreme,OMPL_RRTCONNECT,4000,1.0,1,0,0.034948514999996405,0.034948514999996405,4.545440017751927,14,0,0,0,1,1,,
hard_zeros_to_extreme,OMPL_RRTCONNECT,5000,1.0,1,0,0.03148446300019714,0.03148446300019714,4.4451127480750685,13,0,0,0,1,1,,
hard_zeros_to_extreme,OMPL_RRTCONNECT,6000,1.0,1,0,0.03206563299954723,0.03206563299954723,4.4628913915245985,13,0,0,0,1,1,,
hard_zeros_to_extreme,OMPL_RRTCONNECT,7000,1.0,1,0,0.03254183700028079,0.03254183700028079,4.346216434113399,13,0,0,0,1,1,,
hard_zeros_to_extreme,OMPL_RRTCONNECT,8000,1.0,1,0,0.03210859099999652,0.03210859099999652,4.3823736133755595,13,0,0,0,1,1,,
hard_zeros_to_extreme,OMPL_RRTCONNECT,9000,1.0,1,0,0.03433705600036774,0.03433705600036774,4.333362883701051,13,0,0,0,1,1,,
hard_zeros_to_extreme,OMPL_RRTCONNECT,10000,1.0,1,0,0.03371686800073803,0.03371686800073803,4.228057209085624,13,0,0,0,1,1,,
hard_zeros_to_extreme,OMPL_RRTCONNECT,11000,1.0,1,0,0.034913923000203795,0.034913923000203795,4.635774818569024,14,0,0,0,1,1,,
hard_zeros_to_extreme,OMPL_RRTCONNECT,12000,1.0,1,0,0.03198815900032059,0.03198815900032059,4.383059609690142,13,0,0,0,1,1,,
hard_zeros_to_extreme,OMPL_RRTCONNECT,13000,1.0,1,0,0.03508869299912476,0.03508869299912476,4.60059334990827,14,0,0,0,1,1,,
hard_zeros_to_extreme,OMPL_RRTCONNECT,14000,1.0,1,0,0.032740988999648835,0.032740988999648835,4.431155179808874,13,0,0,0,1,1,,
hard_zeros_to_extreme,OMPL_RRTCONNECT,15000,1.0,1,0,0.03460999800063291,0.03460999800063291,4.559997337148948,14,0,0,0,1,1,,
hard_zeros_to_extreme,OMPL_RRTCONNECT,16000,1.0,1,0,0.03213449400027457,0.03213449400027457,4.294457469366262,13,0,0,0,1,1,,
hard_zeros_to_extreme,OMPL_RRTCONNECT,17000,1.0,1,0,0.0318168309995599,0.0318168309995599,4.2414967463986155,13,0,0,0,1,1,,
hard_zeros_to_extreme,OMPL_RRTCONNECT,18000,1.0,1,0,0.036256368000067596,0.036256368000067596,4.404529823859121,13,0,0,0,1,1,,
hard_zeros_to_extreme,OMPL_RRTCONNECT,19000,1.0,1,0,0.05392502999984572,0.05392502999984572,4.347583579574292,13,0,0,0,1,1,,
hard_zeros_to_extreme,OMPL_RRTCONNECT,20000,1.0,1,0,0.033560924000084924,0.033560924000084924,4.45413210425169,13,0,0,0,1,1,,
hard_zeros_to_extreme,OMPL_RRTCONNECT,1000,2.0,1,0,0.03287895399989793,0.03287895399989793,4.294224680915613,13,0,0,0,1,1,,
hard_zeros_to_extreme,OMPL_RRTCONNECT,2000,2.0,1,0,0.03429478999987623,0.03429478999987623,4.431768493550627,13,0,0,0,1,1,,
hard_zeros_to_extreme,OMPL_RRTCONNECT,3000,2.0,1,0,0.03162951099966449,0.03162951099966449,4.458395706224309,13,0,0,0,1,1,,
hard_zeros_to_extreme,OMPL_RRTCONNECT,4000,2.0,1,0,0.032809780000206956,0.032809780000206956,4.270691184992011,13,0,0,0,1,1,,
hard_zeros_to_extreme,OMPL_RRTCONNECT,5000,2.0,1,0,0.0322559039996122,0.0322559039996122,4.414937264898228,13,0,0,0,1,1,,
hard_zeros_to_extreme,OMPL_RRTCONNECT,6000,2.0,1,0,0.0465951190008127,0.0465951190008127,4.508549296590449,14,0,0,0,1,1,,
hard_zeros_to_extreme,OMPL_RRTCONNECT,7000,2.0,1,0,0.03176047200031462,0.03176047200031462,4.404779278122171,13,0,0,0,1,1,,
hard_zeros_to_extreme,OMPL_RRTCONNECT,8000,2.0,1,0,0.04620906800028024,0.04620906800028024,4.268651529905627,13,0,0,0,1,1,,
hard_zeros_to_extreme,OMPL_RRTCONNECT,9000,2.0,1,0,0.03357927699926222,0.03357927699926222,4.386596809053171,13,0,0,0,1,1,,
hard_zeros_to_extreme,OMPL_RRTCONNECT,10000,2.0,1,0,0.032441338000353426,0.032441338000353426,4.33988757184711,13,0,0,0,1,1,,
hard_zeros_to_extreme,OMPL_RRTCONNECT,11000,2.0,1,0,0.0325507480001761,0.0325507480001761,4.3846853511265556,13,0,0,0,1,1,,
hard_zeros_to_extreme,OMPL_RRTCONNECT,12000,2.0,1,0,0.03271603099983622,0.03271603099983622,4.347137221504601,13,0,0,0,1,1,,
hard_zeros_to_extreme,OMPL_RRTCONNECT,13000,2.0,1,0,0.034380412000246,0.034380412000246,4.52167505589935,14,0,0,0,1,1,,
hard_zeros_to_extreme,OMPL_RRTCONNECT,14000,2.0,1,0,0.036965417999454075,0.036965417999454075,4.571043347020662,14,0,0,0,1,1,,
hard_zeros_to_extreme,OMPL_RRTCONNECT,15000,2.0,1,0,0.03760050500022771,0.03760050500022771,4.542461977946349,14,0,0,0,1,1,,
hard_zeros_to_extreme,OMPL_RRTCONNECT,16000,2.0,1,0,0.03586561200063443,0.03586561200063443,4.3630047202748825,13,0,0,0,1,1,,
hard_zeros_to_extreme,OMPL_RRTCONNECT,17000,2.0,1,0,0.0322484380003516,0.0322484380003516,4.45241143613719,13,0,0,0,1,1,,
hard_zeros_to_extreme,OMPL_RRTCONNECT,18000,2.0,1,0,0.035218219999478606,0.035218219999478606,4.514942084165486,14,0,0,0,1,1,,
hard_zeros_to_extreme,OMPL_RRTCONNECT,19000,2.0,1,0,0.033421058999920206,0.033421058999920206,4.320468788940586,13,0,0,0,1,1,,
hard_zeros_to_extreme,OMPL_RRTCONNECT,20000,2.0,1,0,0.03760646099999576,0.03760646099999576,4.6079182058707,14,0,0,0,1,1,,
regression_zero_to_ik_start,AEB_RRTSTAR_FAITHFUL,1000,0.5,1,0,0.008119068999803858,0.008119068999803858,0.8181746919172284,3,2,2,3,1,1,,
regression_zero_to_ik_start,AEB_RRTSTAR_FAITHFUL,2000,0.5,1,0,0.00806051200015645,0.00806051200015645,0.8181746919172284,3,2,2,3,1,1,,
regression_zero_to_ik_start,AEB_RRTSTAR_FAITHFUL,3000,0.5,1,0,0.007942465000269294,0.007942465000269294,0.8181746919172284,3,2,2,3,1,1,,
regression_zero_to_ik_start,AEB_RRTSTAR_FAITHFUL,4000,0.5,1,0,0.00802937699972972,0.00802937699972972,0.8181746919172284,3,2,2,3,1,1,,
regression_zero_to_ik_start,AEB_RRTSTAR_FAITHFUL,5000,0.5,1,0,0.00826918700022361,0.00826918700022361,0.8181746919172284,3,2,2,3,1,1,,
regression_zero_to_ik_start,AEB_RRTSTAR_FAITHFUL,6000,0.5,1,0,0.008402090999879874,0.008402090999879874,0.8181746919172284,3,2,2,3,1,1,,
regression_zero_to_ik_start,AEB_RRTSTAR_FAITHFUL,7000,0.5,1,0,0.01903780100019503,0.01903780100019503,1.1184382151260042,3,3,2,5,1,1,,
regression_zero_to_ik_start,AEB_RRTSTAR_FAITHFUL,8000,0.5,1,0,0.008695040000020526,0.008695040000020526,0.8181746919172284,3,2,2,3,1,1,,
regression_zero_to_ik_start,AEB_RRTSTAR_FAITHFUL,9000,0.5,1,0,0.00844377299927146,0.00844377299927146,0.8181746919172284,3,2,2,3,1,1,,
regression_zero_to_ik_start,AEB_RRTSTAR_FAITHFUL,10000,0.5,1,0,0.008705324999937147,0.008705324999937147,0.8181746919172284,3,2,2,3,1,1,,
regression_zero_to_ik_start,AEB_RRTSTAR_FAITHFUL,11000,0.5,1,0,0.021049151000624988,0.021049151000624988,1.0506851424437296,3,3,2,5,1,1,,
regression_zero_to_ik_start,AEB_RRTSTAR_FAITHFUL,12000,0.5,1,0,0.008202100999369577,0.008202100999369577,0.8181746919172284,3,2,2,3,1,1,,
regression_zero_to_ik_start,AEB_RRTSTAR_FAITHFUL,13000,0.5,1,0,0.008634820000224863,0.008634820000224863,0.8181746919172284,3,2,2,3,1,1,,
regression_zero_to_ik_start,AEB_RRTSTAR_FAITHFUL,14000,0.5,1,0,0.013027568999859795,0.013027568999859795,0.8181746919172284,3,2,2,3,1,1,,
regression_zero_to_ik_start,AEB_RRTSTAR_FAITHFUL,15000,0.5,1,0,0.008489488000122947,0.008489488000122947,0.8181746919172284,3,2,2,3,1,1,,
regression_zero_to_ik_start,AEB_RRTSTAR_FAITHFUL,16000,0.5,1,0,0.013109310999425361,0.013109310999425361,1.5874730781953972,2,3,2,5,1,1,,
regression_zero_to_ik_start,AEB_RRTSTAR_FAITHFUL,17000,0.5,1,0,0.008324172000357066,0.008324172000357066,0.8181746919172284,3,2,2,3,1,1,,
regression_zero_to_ik_start,AEB_RRTSTAR_FAITHFUL,18000,0.5,1,0,0.008077311000306509,0.008077311000306509,0.8181746919172284,3,2,2,3,1,1,,
regression_zero_to_ik_start,AEB_RRTSTAR_FAITHFUL,19000,0.5,1,0,0.008153691999723378,0.008153691999723378,0.8181746919172284,3,2,2,3,1,1,,
regression_zero_to_ik_start,AEB_RRTSTAR_FAITHFUL,20000,0.5,1,0,0.008157123999808391,0.008157123999808391,0.8181746919172284,3,2,2,3,1,1,,
regression_zero_to_ik_start,AEB_RRTSTAR_FAITHFUL,1000,1.0,1,0,0.008246067000072799,0.008246067000072799,0.8181746919172284,3,2,2,3,1,1,,
regression_zero_to_ik_start,AEB_RRTSTAR_FAITHFUL,2000,1.0,1,0,0.007957640999848081,0.007957640999848081,0.8181746919172284,3,2,2,3,1,1,,
regression_zero_to_ik_start,AEB_RRTSTAR_FAITHFUL,3000,1.0,1,0,0.008327940999151906,0.008327940999151906,0.8181746919172284,3,2,2,3,1,1,,
regression_zero_to_ik_start,AEB_RRTSTAR_FAITHFUL,4000,1.0,1,0,0.008449220999864338,0.008449220999864338,0.8181746919172284,3,2,2,3,1,1,,
regression_zero_to_ik_start,AEB_RRTSTAR_FAITHFUL,5000,1.0,1,0,0.00786503199924482,0.00786503199924482,0.8181746919172284,3,2,2,3,1,1,,
regression_zero_to_ik_start,AEB_RRTSTAR_FAITHFUL,6000,1.0,1,0,0.012818746999982977,0.012818746999982977,0.8181746919172284,3,2,2,3,1,1,,
regression_zero_to_ik_start,AEB_RRTSTAR_FAITHFUL,7000,1.0,1,0,0.013519862999601173,0.013519862999601173,1.1184382151260042,3,3,2,5,1,1,,
regression_zero_to_ik_start,AEB_RRTSTAR_FAITHFUL,8000,1.0,1,0,0.008208445000491338,0.008208445000491338,0.8181746919172284,3,2,2,3,1,1,,
regression_zero_to_ik_start,AEB_RRTSTAR_FAITHFUL,9000,1.0,1,0,0.007951640999635856,0.007951640999635856,0.8181746919172284,3,2,2,3,1,1,,
regression_zero_to_ik_start,AEB_RRTSTAR_FAITHFUL,10000,1.0,1,0,0.012700664000476536,0.012700664000476536,0.8181746919172284,3,2,2,3,1,1,,
regression_zero_to_ik_start,AEB_RRTSTAR_FAITHFUL,11000,1.0,1,0,0.014078091999181197,0.014078091999181197,1.0506851424437296,3,3,2,5,1,1,,
regression_zero_to_ik_start,AEB_RRTSTAR_FAITHFUL,12000,1.0,1,0,0.008702201999767567,0.008702201999767567,0.8181746919172284,3,2,2,3,1,1,,
regression_zero_to_ik_start,AEB_RRTSTAR_FAITHFUL,13000,1.0,1,0,0.008187627000552311,0.008187627000552311,0.8181746919172284,3,2,2,3,1,1,,
regression_zero_to_ik_start,AEB_RRTSTAR_FAITHFUL,14000,1.0,1,0,0.008046136000302795,0.008046136000302795,0.8181746919172284,3,2,2,3,1,1,,
regression_zero_to_ik_start,AEB_RRTSTAR_FAITHFUL,15000,1.0,1,0,0.008435839999947348,0.008435839999947348,0.8181746919172284,3,2,2,3,1,1,,
regression_zero_to_ik_start,AEB_RRTSTAR_FAITHFUL,16000,1.0,1,0,0.013379924000219034,0.013379924000219034,1.5874730781953972,2,3,2,5,1,1,,
regression_zero_to_ik_start,AEB_RRTSTAR_FAITHFUL,17000,1.0,1,0,0.007968812999934016,0.007968812999934016,0.8181746919172284,3,2,2,3,1,1,,
regression_zero_to_ik_start,AEB_RRTSTAR_FAITHFUL,18000,1.0,1,0,0.01357965300030628,0.01357965300030628,0.8181746919172284,3,2,2,3,1,1,,
regression_zero_to_ik_start,AEB_RRTSTAR_FAITHFUL,19000,1.0,1,0,0.00859413400030462,0.00859413400030462,0.8181746919172284,3,2,2,3,1,1,,
regression_zero_to_ik_start,AEB_RRTSTAR_FAITHFUL,20000,1.0,1,0,0.008472841000184417,0.008472841000184417,0.8181746919172284,3,2,2,3,1,1,,
regression_zero_to_ik_start,AEB_RRTSTAR_FAITHFUL,1000,2.0,1,0,0.012871896999968158,0.012871896999968158,0.8181746919172284,3,2,2,3,1,1,,
regression_zero_to_ik_start,AEB_RRTSTAR_FAITHFUL,2000,2.0,1,0,0.011979120999967563,0.011979120999967563,0.8181746919172284,3,2,2,3,1,1,,
regression_zero_to_ik_start,AEB_RRTSTAR_FAITHFUL,3000,2.0,1,0,0.008161832000041613,0.008161832000041613,0.8181746919172284,3,2,2,3,1,1,,
regression_zero_to_ik_start,AEB_RRTSTAR_FAITHFUL,4000,2.0,1,0,0.009092928000427491,0.009092928000427491,0.8181746919172284,3,2,2,3,1,1,,
regression_zero_to_ik_start,AEB_RRTSTAR_FAITHFUL,5000,2.0,1,0,0.008455632000732294,0.008455632000732294,0.8181746919172284,3,2,2,3,1,1,,
regression_zero_to_ik_start,AEB_RRTSTAR_FAITHFUL,6000,2.0,1,0,0.008948871000029612,0.008948871000029612,0.8181746919172284,3,2,2,3,1,1,,
regression_zero_to_ik_start,AEB_RRTSTAR_FAITHFUL,7000,2.0,1,0,0.013540234999709355,0.013540234999709355,1.1184382151260042,3,3,2,5,1,1,,
regression_zero_to_ik_start,AEB_RRTSTAR_FAITHFUL,8000,2.0,1,0,0.007975004999934754,0.007975004999934754,0.8181746919172284,3,2,2,3,1,1,,
regression_zero_to_ik_start,AEB_RRTSTAR_FAITHFUL,9000,2.0,1,0,0.00857299699964642,0.00857299699964642,0.8181746919172284,3,2,2,3,1,1,,
regression_zero_to_ik_start,AEB_RRTSTAR_FAITHFUL,10000,2.0,1,0,0.008100983000076667,0.008100983000076667,0.8181746919172284,3,2,2,3,1,1,,
regression_zero_to_ik_start,AEB_RRTSTAR_FAITHFUL,11000,2.0,1,0,0.020968239000467292,0.020968239000467292,1.0506851424437296,3,3,2,5,1,1,,
regression_zero_to_ik_start,AEB_RRTSTAR_FAITHFUL,12000,2.0,1,0,0.008193931000278099,0.008193931000278099,0.8181746919172284,3,2,2,3,1,1,,
regression_zero_to_ik_start,AEB_RRTSTAR_FAITHFUL,13000,2.0,1,0,0.008204416999433306,0.008204416999433306,0.8181746919172284,3,2,2,3,1,1,,
regression_zero_to_ik_start,AEB_RRTSTAR_FAITHFUL,14000,2.0,1,0,0.008150132000082522,0.008150132000082522,0.8181746919172284,3,2,2,3,1,1,,
regression_zero_to_ik_start,AEB_RRTSTAR_FAITHFUL,15000,2.0,1,0,0.007885161000558583,0.007885161000558583,0.8181746919172284,3,2,2,3,1,1,,
regression_zero_to_ik_start,AEB_RRTSTAR_FAITHFUL,16000,2.0,1,0,0.013350528999581002,0.013350528999581002,1.5874730781953972,2,3,2,5,1,1,,
regression_zero_to_ik_start,AEB_RRTSTAR_FAITHFUL,17000,2.0,1,0,0.013089709000269067,0.013089709000269067,0.8181746919172284,3,2,2,3,1,1,,
regression_zero_to_ik_start,AEB_RRTSTAR_FAITHFUL,18000,2.0,1,0,0.008059263000177452,0.008059263000177452,0.8181746919172284,3,2,2,3,1,1,,
regression_zero_to_ik_start,AEB_RRTSTAR_FAITHFUL,19000,2.0,1,0,0.008777340000051481,0.008777340000051481,0.8181746919172284,3,2,2,3,1,1,,
regression_zero_to_ik_start,AEB_RRTSTAR_FAITHFUL,20000,2.0,1,0,0.008127262999551021,0.008127262999551021,0.8181746919172284,3,2,2,3,1,1,,
regression_zero_to_ik_start,OMPL_RRTSTAR,1000,0.5,1,0,0.5004661610000767,0.5004661610000767,2.0530504335380426,7,0,0,0,1,1,,
regression_zero_to_ik_start,OMPL_RRTSTAR,2000,0.5,1,0,0.5020170010002403,0.5020170010002403,2.071259803273786,7,0,0,0,1,1,,
regression_zero_to_ik_start,OMPL_RRTSTAR,3000,0.5,1,0,0.500771904999965,0.500771904999965,2.2325827735302997,7,0,0,0,1,1,,
regression_zero_to_ik_start,OMPL_RRTSTAR,4000,0.5,1,0,0.501473160000387,0.501473160000387,1.7473275494191287,6,0,0,0,1,1,,
regression_zero_to_ik_start,OMPL_RRTSTAR,5000,0.5,1,0,0.5020730750002258,0.5020730750002258,1.9792430222116488,7,0,0,0,1,1,,
regression_zero_to_ik_start,OMPL_RRTSTAR,6000,0.5,1,0,0.5024680650003575,0.5024680650003575,1.7004066083935594,6,0,0,0,1,1,,
regression_zero_to_ik_start,OMPL_RRTSTAR,7000,0.5,1,0,0.5001700129996607,0.5001700129996607,2.9435095770432667,10,0,0,0,1,1,,
regression_zero_to_ik_start,OMPL_RRTSTAR,8000,0.5,1,0,0.5010676259998945,0.5010676259998945,2.004311458690933,7,0,0,0,1,1,,
regression_zero_to_ik_start,OMPL_RRTSTAR,9000,0.5,1,0,0.5018109919992639,0.5018109919992639,2.1573189086130733,8,0,0,0,1,1,,
regression_zero_to_ik_start,OMPL_RRTSTAR,10000,0.5,1,0,0.5022220959999686,0.5022220959999686,1.611911231014927,6,0,0,0,1,1,,
regression_zero_to_ik_start,OMPL_RRTSTAR,11000,0.5,1,0,0.5015673850002713,0.5015673850002713,2.61660800150942,9,0,0,0,1,1,,
regression_zero_to_ik_start,OMPL_RRTSTAR,12000,0.5,1,0,0.5009284029993069,0.5009284029993069,2.2861527475959855,8,0,0,0,1,1,,
regression_zero_to_ik_start,OMPL_RRTSTAR,13000,0.5,1,0,0.5016640710000502,0.5016640710000502,2.202178555327709,8,0,0,0,1,1,,
regression_zero_to_ik_start,OMPL_RRTSTAR,14000,0.5,1,0,0.5017101009998441,0.5017101009998441,2.3649969163102544,8,0,0,0,1,1,,
regression_zero_to_ik_start,OMPL_RRTSTAR,15000,0.5,1,0,0.5014329849991555,0.5014329849991555,2.3506660028044633,8,0,0,0,1,1,,
regression_zero_to_ik_start,OMPL_RRTSTAR,16000,0.5,1,0,0.5006371510007739,0.5006371510007739,2.46413742273841,9,0,0,0,1,1,,
regression_zero_to_ik_start,OMPL_RRTSTAR,17000,0.5,1,0,0.5018119910000678,0.5018119910000678,2.1038124043837403,7,0,0,0,1,1,,
regression_zero_to_ik_start,OMPL_RRTSTAR,18000,0.5,1,0,0.5014373449994309,0.5014373449994309,1.9535341651953837,7,0,0,0,1,1,,
regression_zero_to_ik_start,OMPL_RRTSTAR,19000,0.5,1,0,0.5014168579991747,0.5014168579991747,2.4849886727686603,8,0,0,0,1,1,,
regression_zero_to_ik_start,OMPL_RRTSTAR,20000,0.5,1,0,0.5021648949996234,0.5021648949996234,1.9781918978670694,7,0,0,0,1,1,,
regression_zero_to_ik_start,OMPL_RRTSTAR,1000,1.0,1,0,1.0009839209997153,1.0009839209997153,1.9365804748630808,7,0,0,0,1,1,,
regression_zero_to_ik_start,OMPL_RRTSTAR,2000,1.0,1,0,1.0005941389999862,1.0005941389999862,2.9614951162710272,10,0,0,0,1,1,,
regression_zero_to_ik_start,OMPL_RRTSTAR,3000,1.0,1,0,1.0013342629999897,1.0013342629999897,2.0680415197552997,7,0,0,0,1,1,,
regression_zero_to_ik_start,OMPL_RRTSTAR,4000,1.0,1,0,1.0024336189999303,1.0024336189999303,2.2524032725400773,8,0,0,0,1,1,,
regression_zero_to_ik_start,OMPL_RRTSTAR,5000,1.0,1,0,1.000264999999672,1.000264999999672,1.9790642365532989,7,0,0,0,1,1,,
regression_zero_to_ik_start,OMPL_RRTSTAR,6000,1.0,1,0,1.000110257000415,1.000110257000415,2.5131457656242064,9,0,0,0,1,1,,
regression_zero_to_ik_start,OMPL_RRTSTAR,7000,1.0,1,0,1.0022443799998655,1.0022443799998655,2.3372937515470027,8,0,0,0,1,1,,
regression_zero_to_ik_start,OMPL_RRTSTAR,8000,1.0,1,0,1.0009864130006463,1.0009864130006463,1.9743685251388263,7,0,0,0,1,1,,
regression_zero_to_ik_start,OMPL_RRTSTAR,9000,1.0,1,0,1.0017676719999145,1.0017676719999145,2.107183245782326,7,0,0,0,1,1,,
regression_zero_to_ik_start,OMPL_RRTSTAR,10000,1.0,1,0,1.0020616199999495,1.0020616199999495,1.838454667244283,6,0,0,0,1,1,,
regression_zero_to_ik_start,OMPL_RRTSTAR,11000,1.0,1,0,1.0012249880001036,1.0012249880001036,2.274199730926517,8,0,0,0,1,1,,
regression_zero_to_ik_start,OMPL_RRTSTAR,12000,1.0,1,0,1.0024037889997999,1.0024037889997999,2.1588119349328707,8,0,0,0,1,1,,
regression_zero_to_ik_start,OMPL_RRTSTAR,13000,1.0,1,0,1.0018618389995027,1.0018618389995027,2.182851331173491,8,0,0,0,1,1,,
regression_zero_to_ik_start,OMPL_RRTSTAR,14000,1.0,1,0,1.0021046859992566,1.0021046859992566,2.216196226563091,8,0,0,0,1,1,,
regression_zero_to_ik_start,OMPL_RRTSTAR,15000,1.0,1,0,1.0013146250003047,1.0013146250003047,2.1456409668437826,8,0,0,0,1,1,,
regression_zero_to_ik_start,OMPL_RRTSTAR,16000,1.0,1,0,1.0015157329999056,1.0015157329999056,2.086793099143231,7,0,0,0,1,1,,
regression_zero_to_ik_start,OMPL_RRTSTAR,17000,1.0,1,0,1.0020220599999448,1.0020220599999448,1.7444383548070352,6,0,0,0,1,1,,
regression_zero_to_ik_start,OMPL_RRTSTAR,18000,1.0,1,0,1.0018114309996236,1.0018114309996236,2.121436439297345,8,0,0,0,1,1,,
regression_zero_to_ik_start,OMPL_RRTSTAR,19000,1.0,1,0,1.0026213159999315,1.0026213159999315,1.611911231014927,6,0,0,0,1,1,,
regression_zero_to_ik_start,OMPL_RRTSTAR,20000,1.0,1,0,1.0018598259994178,1.0018598259994178,1.611911231014927,6,0,0,0,1,1,,
regression_zero_to_ik_start,OMPL_RRTSTAR,1000,2.0,1,0,2.0012179559998913,2.0012179559998913,2.205939313863056,8,0,0,0,1,1,,
regression_zero_to_ik_start,OMPL_RRTSTAR,2000,2.0,1,0,2.0013511219995053,2.0013511219995053,2.2749495459907543,8,0,0,0,1,1,,
regression_zero_to_ik_start,OMPL_RRTSTAR,3000,2.0,1,0,2.002159350000511,2.002159350000511,2.0828201135277435,7,0,0,0,1,1,,
regression_zero_to_ik_start,OMPL_RRTSTAR,4000,2.0,1,0,2.0011822279993794,2.0011822279993794,2.2741927664914954,8,0,0,0,1,1,,
regression_zero_to_ik_start,OMPL_RRTSTAR,5000,2.0,1,0,2.0024240890006695,2.0024240890006695,2.8244591039175395,10,0,0,0,1,1,,
regression_zero_to_ik_start,OMPL_RRTSTAR,6000,2.0,1,0,2.001142594999692,2.001142594999692,2.114886773156992,8,0,0,0,1,1,,
regression_zero_to_ik_start,OMPL_RRTSTAR,7000,2.0,1,0,2.002045025999905,2.002045025999905,2.8360677499064937,10,0,0,0,1,1,,
regression_zero_to_ik_start,OMPL_RRTSTAR,8000,2.0,1,0,2.000847057000101,2.000847057000101,2.0782438472247704,7,0,0,0,1,1,,
regression_zero_to_ik_start,OMPL_RRTSTAR,9000,2.0,1,0,2.0012149949998275,2.0012149949998275,1.7932895707918093,6,0,0,0,1,1,,
regression_zero_to_ik_start,OMPL_RRTSTAR,10000,2.0,1,0,2.002000317999773,2.002000317999773,1.8303810791651625,6,0,0,0,1,1,,
regression_zero_to_ik_start,OMPL_RRTSTAR,11000,2.0,1,0,2.000865175999934,2.000865175999934,1.948961567978918,7,0,0,0,1,1,,
regression_zero_to_ik_start,OMPL_RRTSTAR,12000,2.0,1,0,2.0007003300006545,2.0007003300006545,1.611911231014927,6,0,0,0,1,1,,
regression_zero_to_ik_start,OMPL_RRTSTAR,13000,2.0,1,0,2.000650263999887,2.000650263999887,2.300562577337493,8,0,0,0,1,1,,
regression_zero_to_ik_start,OMPL_RRTSTAR,14000,2.0,1,0,2.002493799000149,2.002493799000149,2.280953236726716,8,0,0,0,1,1,,
regression_zero_to_ik_start,OMPL_RRTSTAR,15000,2.0,1,0,2.0014626809997935,2.0014626809997935,2.1532493121396485,8,0,0,0,1,1,,
regression_zero_to_ik_start,OMPL_RRTSTAR,16000,2.0,1,0,2.001139226000305,2.001139226000305,1.9135446699602854,7,0,0,0,1,1,,
regression_zero_to_ik_start,OMPL_RRTSTAR,17000,2.0,1,0,2.0007056690001264,2.0007056690001264,2.9914662878999363,10,0,0,0,1,1,,
regression_zero_to_ik_start,OMPL_RRTSTAR,18000,2.0,1,0,2.0001064460002453,2.0001064460002453,2.511069888026628,9,0,0,0,1,1,,
regression_zero_to_ik_start,OMPL_RRTSTAR,19000,2.0,1,0,2.0017666960002316,2.0017666960002316,1.9658027223829588,7,0,0,0,1,1,,
regression_zero_to_ik_start,OMPL_RRTSTAR,20000,2.0,1,0,2.0010433770003146,2.0010433770003146,2.552219290407359,9,0,0,0,1,1,,
regression_zero_to_ik_start,OMPL_RRTCONNECT,1000,0.5,1,0,0.013804230000459938,0.013804230000459938,1.8600966688126905,6,0,0,0,1,1,,
regression_zero_to_ik_start,OMPL_RRTCONNECT,2000,0.5,1,0,0.016168930000276305,0.016168930000276305,1.871679962583547,7,0,0,0,1,1,,
regression_zero_to_ik_start,OMPL_RRTCONNECT,3000,0.5,1,0,0.029783259999931033,0.029783259999931033,1.8546372343056254,7,0,0,0,1,1,,
regression_zero_to_ik_start,OMPL_RRTCONNECT,4000,0.5,1,0,0.017451678999350406,0.017451678999350406,2.0205177315816343,7,0,0,0,1,1,,
regression_zero_to_ik_start,OMPL_RRTCONNECT,5000,0.5,1,0,0.014784726000470982,0.014784726000470982,1.8437350823332288,6,0,0,0,1,1,,
regression_zero_to_ik_start,OMPL_RRTCONNECT,6000,0.5,1,0,0.016798526999991736,0.016798526999991736,1.9188766947753098,7,0,0,0,1,1,,
regression_zero_to_ik_start,OMPL_RRTCONNECT,7000,0.5,1,0,0.01739788499980932,0.01739788499980932,1.8415195063460046,7,0,0,0,1,1,,
regression_zero_to_ik_start,OMPL_RRTCONNECT,8000,0.5,1,0,0.01751095199961128,0.01751095199961128,1.9352531861634907,7,0,0,0,1,1,,
regression_zero_to_ik_start,OMPL_RRTCONNECT,9000,0.5,1,0,0.019466382000246085,0.019466382000246085,1.9424034959473802,7,0,0,0,1,1,,
regression_zero_to_ik_start,OMPL_RRTCONNECT,10000,0.5,1,0,0.014287689999946451,0.014287689999946451,1.775071856031578,6,0,0,0,1,1,,
regression_zero_to_ik_start,OMPL_RRTCONNECT,11000,0.5,1,0,0.01665668999976333,0.01665668999976333,1.9095039637630844,7,0,0,0,1,1,,
regression_zero_to_ik_start,OMPL_RRTCONNECT,12000,0.5,1,0,0.013691842000298493,0.013691842000298493,1.8174107094384477,6,0,0,0,1,1,,
regression_zero_to_ik_start,OMPL_RRTCONNECT,13000,0.5,1,0,0.022026752000783745,0.022026752000783745,1.915098649166475,7,0,0,0,1,1,,
regression_zero_to_ik_start,OMPL_RRTCONNECT,14000,0.5,1,0,0.014072593000491906,0.014072593000491906,1.8284284445628196,6,0,0,0,1,1,,
regression_zero_to_ik_start,OMPL_RRTCONNECT,15000,0.5,1,0,0.016913873999328644,0.016913873999328644,1.9223784651324038,7,0,0,0,1,1,,
regression_zero_to_ik_start,OMPL_RRTCONNECT,16000,0.5,1,0,0.01649385299970163,0.01649385299970163,1.9515326643301787,7,0,0,0,1,1,,
regression_zero_to_ik_start,OMPL_RRTCONNECT,17000,0.5,1,0,0.01618541900006676,0.01618541900006676,1.8862677134677532,7,0,0,0,1,1,,
regression_zero_to_ik_start,OMPL_RRTCONNECT,18000,0.5,1,0,0.016945689999374736,0.016945689999374736,1.8730692378450908,7,0,0,0,1,1,,
regression_zero_to_ik_start,OMPL_RRTCONNECT,19000,0.5,1,0,0.013767735000328685,0.013767735000328685,1.8198713759255076,6,0,0,0,1,1,,
regression_zero_to_ik_start,OMPL_RRTCONNECT,20000,0.5,1,0,0.01597978400059219,0.01597978400059219,2.025789617541425,7,0,0,0,1,1,,
regression_zero_to_ik_start,OMPL_RRTCONNECT,1000,1.0,1,0,0.017075770000701596,0.017075770000701596,1.8738588363608217,7,0,0,0,1,1,,
regression_zero_to_ik_start,OMPL_RRTCONNECT,2000,1.0,1,0,0.016068408000137424,0.016068408000137424,1.9756082257465093,7,0,0,0,1,1,,
regression_zero_to_ik_start,OMPL_RRTCONNECT,3000,1.0,1,0,0.015832334000151604,0.015832334000151604,1.9992386544400484,7,0,0,0,1,1,,
regression_zero_to_ik_start,OMPL_RRTCONNECT,4000,1.0,1,0,0.015984798000317824,0.015984798000317824,1.9010271962154142,7,0,0,0,1,1,,
regression_zero_to_ik_start,OMPL_RRTCONNECT,5000,1.0,1,0,0.01652778399966337,0.01652778399966337,1.839426720266943,7,0,0,0,1,1,,
regression_zero_to_ik_start,OMPL_RRTCONNECT,6000,1.0,1,0,0.013825152000208618,0.013825152000208618,1.7972576338665665,6,0,0,0,1,1,,
regression_zero_to_ik_start,OMPL_RRTCONNECT,7000,1.0,1,0,0.016613882999990892,0.016613882999990892,1.876800104703008,7,0,0,0,1,1,,
regression_zero_to_ik_start,OMPL_RRTCONNECT,8000,1.0,1,0,0.017481783999755862,0.017481783999755862,2.0536081464081524,7,0,0,0,1,1,,
regression_zero_to_ik_start,OMPL_RRTCONNECT,9000,1.0,1,0,0.017066630999579502,0.017066630999579502,1.8384911812576288,7,0,0,0,1,1,,
regression_zero_to_ik_start,OMPL_RRTCONNECT,10000,1.0,1,0,0.016061618000094313,0.016061618000094313,1.944276244705376,7,0,0,0,1,1,,
regression_zero_to_ik_start,OMPL_RRTCONNECT,11000,1.0,1,0,0.01737182800025039,0.01737182800025039,1.933689853067352,7,0,0,0,1,1,,
regression_zero_to_ik_start,OMPL_RRTCONNECT,12000,1.0,1,0,0.016428380999968795,0.016428380999968795,1.9195625756820138,7,0,0,0,1,1,,
regression_zero_to_ik_start,OMPL_RRTCONNECT,13000,1.0,1,0,0.01698707299965463,0.01698707299965463,2.001744653763617,7,0,0,0,1,1,,
regression_zero_to_ik_start,OMPL_RRTCONNECT,14000,1.0,1,0,0.016555992999201408,0.016555992999201408,1.9269368176651436,7,0,0,0,1,1,,
regression_zero_to_ik_start,OMPL_RRTCONNECT,15000,1.0,1,0,0.01766584100005275,0.01766584100005275,1.9510122799212828,7,0,0,0,1,1,,
regression_zero_to_ik_start,OMPL_RRTCONNECT,16000,1.0,1,0,0.016747673000281793,0.016747673000281793,1.893118760010406,7,0,0,0,1,1,,
regression_zero_to_ik_start,OMPL_RRTCONNECT,17000,1.0,1,0,0.01663958900007856,0.01663958900007856,1.9312152997958438,7,0,0,0,1,1,,
regression_zero_to_ik_start,OMPL_RRTCONNECT,18000,1.0,1,0,0.01379867200012086,0.01379867200012086,1.8300620183169203,6,0,0,0,1,1,,
regression_zero_to_ik_start,OMPL_RRTCONNECT,19000,1.0,1,0,0.016727946999708365,0.016727946999708365,1.8146641283989533,6,0,0,0,1,1,,
regression_zero_to_ik_start,OMPL_RRTCONNECT,20000,1.0,1,0,0.014820618000157992,0.014820618000157992,1.7111505179246713,6,0,0,0,1,1,,
regression_zero_to_ik_start,OMPL_RRTCONNECT,1000,2.0,1,0,0.017969430000448483,0.017969430000448483,1.9111908783576674,7,0,0,0,1,1,,
regression_zero_to_ik_start,OMPL_RRTCONNECT,2000,2.0,1,0,0.016269399000520934,0.016269399000520934,1.9427125766344404,7,0,0,0,1,1,,
regression_zero_to_ik_start,OMPL_RRTCONNECT,3000,2.0,1,0,0.016994731999147916,0.016994731999147916,1.9380483339306265,7,0,0,0,1,1,,
regression_zero_to_ik_start,OMPL_RRTCONNECT,4000,2.0,1,0,0.016817746999549854,0.016817746999549854,1.9861727870917254,7,0,0,0,1,1,,
regression_zero_to_ik_start,OMPL_RRTCONNECT,5000,2.0,1,0,0.016219586999795865,0.016219586999795865,1.8665754556796375,7,0,0,0,1,1,,
regression_zero_to_ik_start,OMPL_RRTCONNECT,6000,2.0,1,0,0.016722665000088455,0.016722665000088455,1.8965461721280215,7,0,0,0,1,1,,
regression_zero_to_ik_start,OMPL_RRTCONNECT,7000,2.0,1,0,0.01693503000024066,0.01693503000024066,1.9463093843749544,7,0,0,0,1,1,,
regression_zero_to_ik_start,OMPL_RRTCONNECT,8000,2.0,1,0,0.017154708000816754,0.017154708000816754,1.8641218516053373,7,0,0,0,1,1,,
regression_zero_to_ik_start,OMPL_RRTCONNECT,9000,2.0,1,0,0.017084999999497086,0.017084999999497086,1.9549282664797332,7,0,0,0,1,1,,
regression_zero_to_ik_start,OMPL_RRTCONNECT,10000,2.0,1,0,0.013348581000172999,0.013348581000172999,1.724821170934312,6,0,0,0,1,1,,
regression_zero_to_ik_start,OMPL_RRTCONNECT,11000,2.0,1,0,0.017329452999547357,0.017329452999547357,1.891770524808864,7,0,0,0,1,1,,
regression_zero_to_ik_start,OMPL_RRTCONNECT,12000,2.0,1,0,0.01681916000052297,0.01681916000052297,1.9287579152268481,7,0,0,0,1,1,,
regression_zero_to_ik_start,OMPL_RRTCONNECT,13000,2.0,1,0,0.016226885999458318,0.016226885999458318,1.9288164824837228,7,0,0,0,1,1,,
regression_zero_to_ik_start,OMPL_RRTCONNECT,14000,2.0,1,0,0.01591208399986499,0.01591208399986499,2.0149926479512312,7,0,0,0,1,1,,
regression_zero_to_ik_start,OMPL_RRTCONNECT,15000,2.0,1,0,0.01623998600007326,0.01623998600007326,1.8490745588559303,7,0,0,0,1,1,,
regression_zero_to_ik_start,OMPL_RRTCONNECT,16000,2.0,1,0,0.01683433300058823,0.01683433300058823,1.9304731201572587,7,0,0,0,1,1,,
regression_zero_to_ik_start,OMPL_RRTCONNECT,17000,2.0,1,0,0.015918824999971548,0.015918824999971548,1.8860136659783002,7,0,0,0,1,1,,
regression_zero_to_ik_start,OMPL_RRTCONNECT,18000,2.0,1,0,0.016298756000651338,0.016298756000651338,1.9008241671927926,7,0,0,0,1,1,,
regression_zero_to_ik_start,OMPL_RRTCONNECT,19000,2.0,1,0,0.016023326000322413,0.016023326000322413,1.9290334686391164,7,0,0,0,1,1,,
regression_zero_to_ik_start,OMPL_RRTCONNECT,20000,2.0,1,0,0.016864689000612998,0.016864689000612998,1.8861816726281493,7,0,0,0,1,1,,
